dt,GPRD_THREAT,GPRD,GPRD_ACT,Idx_OVX,Com_LMEX,Com_BloombergCommodity_BCOM,Idx_DxyUSD,Com_BrentCrudeOil,Com_DubaiOil,Com_CrudeOil
2013-03-25,81.09682922363281,94.7390625,107.83862991333008,18.2575,3281.55,138.27629852294922,82.9795,109.31,105.8775,96.24
2013-04-01,120.49613342285156,94.48050842285156,49.60536003112793,20.7,3204.025,134.70678100585937,82.7096,107.868,106.582,94.934
2013-04-08,117.30668869018557,89.5846794128418,60.4232681274414,21.198,3238.86,134.73867797851562,82.4145,104.81199999999998,102.92,93.4
2013-04-15,99.05102233886718,108.28099670410155,121.0967399597168,28.880000000000003,3116.2200000000003,130.89638061523436,82.4246,99.354,97.998,87.97
2013-04-22,109.65644760131836,119.6090530395508,123.4587615966797,23.59,3086.96,131.23923950195314,82.797,101.8,99.462,91.202
2013-04-29,57.77251472473144,77.14922332763672,95.74506530761718,24.638,3056.96,132.81162109375,81.94,102.634,100.02,93.718
2013-05-06,68.16658477783203,76.50161666870117,87.32117614746093,23.65,3160.425,132.59820251464845,82.47999999999999,104.24,101.692,96.35
2013-05-13,69.16305007934571,81.11978530883789,100.76442413330078,23.894,3127.36,131.60393981933595,83.7084,103.508,100.096,94.972
2013-05-20,84.35059280395508,100.21167755126952,123.36536102294922,23.374,3153.34,132.3474578857422,83.8904,103.278,100.51,95.11
2013-05-27,127.91855926513672,110.8822235107422,103.1674903869629,23.9025,3152.9,131.55299758911133,83.5526,102.372,99.678,93.43
2013-06-03,93.70430450439451,93.76805419921877,91.16498413085938,24.044,3200.56,131.83482055664064,82.245,103.302,99.402,94.258
2013-06-10,79.5190444946289,93.37326202392578,107.6303367614746,21.792,3078.98,130.22031860351564,81.01520000000001,104.116,100.574,96.314
2013-06-17,114.62437057495116,110.99448089599608,105.43558197021484,22.248,3008.56,129.79433898925782,81.43039999999999,104.134,101.914,96.708
2013-06-24,57.87376403808594,70.2358413696289,79.92714767456054,23.262,2936.26,125.67185974121094,82.80420000000001,101.812,98.798,95.922
2013-07-01,90.99760284423829,82.03572082519531,66.65204544067383,24.3125,3002.34,125.9275245666504,83.5008,105.204,100.752,100.5125
2013-07-08,68.98847351074218,85.28618927001953,95.30649261474608,25.18,2986.28,127.91162109375,83.7096,108.058,103.552,104.602
2013-07-15,100.92606048583984,96.6139289855957,83.7988296508789,23.73,3001.38,128.999658203125,82.739,108.774,104.54,106.978
2013-07-22,59.884521484375,68.92746505737304,77.06859741210937,23.596,3030.66,128.48851928710937,81.96549999999999,107.716,104.828,105.944
2013-07-29,55.62559585571289,67.60967407226562,74.65888633728028,22.752,2993.34,125.90803833007811,81.8376,108.11,104.82,105.498
2013-08-05,91.12343826293946,91.39460144042968,110.48700714111328,22.592,3063.74,124.72525939941406,81.3736,107.844,104.51,105.12
2013-08-12,64.88190078735352,66.03868560791015,69.82758865356445,23.32,3174.0,128.28579864501953,81.45,110.1,105.756,106.91599999999998
2013-08-19,63.06159744262696,85.71271362304688,111.1569091796875,23.59,3175.92,129.58822021484374,81.2388,110.16,107.174,105.472
2013-08-26,124.6392807006836,143.05097351074218,158.05856475830078,27.184000000000005,3117.85,131.63038024902343,81.6078,114.174,110.472,108.296
2013-09-02,102.11799545288086,95.21077346801758,84.40288467407227,28.42,3081.4,130.6222267150879,82.3125,115.26,109.976,108.6675
2013-09-09,83.87544860839844,92.08624725341797,107.92850494384766,25.224,3070.3,129.6578399658203,81.6146,112.376,109.452,108.256
2013-09-16,95.32950439453126,94.55055770874024,81.53492546081543,22.380000000000003,3090.7,128.82735900878907,80.6956,109.368,108.028,106.228
2013-09-23,145.2347839355469,144.87877807617187,148.79703521728516,22.14,3105.2200000000003,127.54124145507812,80.4312,108.592,105.154,103.056
2013-09-30,92.4652816772461,91.41365509033204,93.68262176513672,22.036,3111.6,126.95746002197264,80.0284,108.792,104.074,103.124
2013-10-07,74.0333480834961,86.16548004150391,101.00686569213867,22.028,3113.28,127.99650268554689,80.2412,110.396,105.728,102.632
2013-10-14,78.48680114746094,78.10137252807617,70.46077613830566,21.822,3136.84,128.24386444091795,80.1036,110.182,106.6525,101.478
2013-10-21,76.22577056884765,80.93146896362305,81.62001419067383,21.594,3145.36,127.61036071777345,79.21825,108.266,105.538,97.768
2013-10-28,50.2063549041748,70.45484619140625,93.13862915039064,20.808,3155.0,125.826220703125,79.70625,108.646,105.764,96.928
2013-11-04,81.09643783569337,73.0516860961914,52.1977783203125,21.078,3094.7200000000003,122.98677825927734,80.77799999999999,105.076,103.682,94.318
2013-11-11,102.84016647338868,83.41845321655273,50.12059326171875,19.79,3053.66,123.18292083740236,81.0162,107.274,103.832,93.932
2013-11-18,88.46873474121094,79.49365921020508,57.85975646972656,19.238,3040.1,122.78921966552734,80.8844,108.916,106.1,93.996
2013-11-25,153.18294525146484,110.53505172729491,46.888045120239255,19.3725,3036.36,123.87432479858398,80.731,110.748,108.292,93.1975
2013-12-02,66.30167846679687,62.69378128051758,57.52782649993897,19.07,3034.84,124.75108032226562,80.6038,111.708,108.21200000000002,96.418
2013-12-09,73.73907012939453,59.47975006103516,33.022097206115724,18.128,3106.5,126.40205993652344,80.08279999999999,109.194,106.706,97.478
2013-12-16,93.5664665222168,88.75113906860352,82.6209213256836,17.0,3131.06,126.54494018554688,80.34275,110.12,106.228,98.118
2013-12-23,69.87168731689454,87.17739868164062,103.35089340209962,15.405,3152.8,127.47857666015624,80.4425,111.905,108.5775,99.5
2013-12-30,84.04855575561524,100.52208557128908,112.07184219360352,18.78,3159.425,125.79955101013184,80.364,109.17,107.415,96.7775
2014-01-06,55.735939025878906,89.4022933959961,125.70529327392578,19.904000000000003,3119.66,123.91339874267578,80.834,106.974,104.118,92.762
2014-01-13,85.48096237182617,82.8308952331543,80.57330551147462,18.656,3159.7,124.90635833740234,80.8674,106.768,103.03,93.378
2014-01-20,82.41893310546875,92.07128067016602,88.93905563354492,18.67,3143.5199999999995,125.92497634887695,80.87719999999999,107.362,103.942,96.42
2014-01-27,76.58856582641602,71.63059310913086,60.701463317871095,20.528,3068.6,126.38779907226562,80.7986,107.26,103.915,97.242
2014-02-03,85.27065925598144,80.8370491027832,68.17189292907715,20.488,3043.36,127.87494049072264,80.9526,106.966,102.472,97.744
2014-02-10,60.038595581054686,64.51135787963867,59.722998046875,18.882,3074.28,129.3657196044922,80.44725,108.782,105.038,100.204
2014-02-17,116.97207641601562,99.40182037353516,72.47099380493164,18.065,3115.94,133.39717483520508,80.1622,110.052,106.582,102.715
2014-02-24,63.83646545410157,67.88198471069336,67.86337966918946,18.524,3086.92,133.7296630859375,80.1482,109.54,105.838,102.446
2014-03-03,239.54524841308597,183.03807373046877,111.5838409423828,20.208,3081.82,135.97582092285157,79.9472,109.072,105.38,102.768
2014-03-10,131.98189544677734,109.36972503662108,78.34523315429688,20.884,2949.28,135.01238098144532,79.6356,108.122,104.072,99.246
2014-03-17,183.46765747070316,139.59449310302733,73.15010070800781,19.924,2944.24,133.99507751464844,79.8182,106.45,103.838,99.408
2014-03-24,140.94238739013673,114.11791687011718,81.01292114257812,19.26,2964.88,133.90687561035156,80.0394,107.165,104.116,100.4
2014-03-31,88.39655990600586,84.86882705688477,66.205078125,19.078,3012.12,134.12720336914063,80.26140000000001,106.208,103.064,100.474
2014-04-07,112.913907623291,90.6760711669922,56.15572738647461,18.638,3048.42,136.10218200683593,79.6606,107.252,103.66,102.748
2014-04-14,152.03006591796876,115.27451934814454,68.04901504516602,18.81,3068.55,137.23365020751953,79.7982,109.235,105.69,103.965
2014-04-21,115.99064178466796,106.54968719482422,84.01614608764649,18.556,3109.525,137.62442016601562,79.8506,109.648,106.012,102.096
2014-04-28,161.4035400390625,119.09229583740236,64.27712860107422,18.788,3066.6,137.44621887207032,79.6016,108.304,104.92,100.208
2014-05-05,117.10344848632812,99.39611740112304,77.40742149353028,17.740000000000002,3073.05,136.52878112792968,79.409,107.768,104.266,100.0
2014-05-12,99.00649871826172,92.1739486694336,81.73180389404297,16.316,3139.6,135.99836120605468,80.0326,109.606,105.245,101.636
2014-05-19,74.37923011779785,79.5175994873047,90.9748077392578,16.084,3141.24,135.65511779785157,80.09575,110.102,106.61,103.442
2014-05-26,83.54627914428711,77.65317001342774,63.52047882080078,15.82,3155.6,134.54050064086914,80.4358,109.906,106.534,103.28
2014-06-02,66.41911163330079,75.8205551147461,84.7825912475586,15.22,3132.84,133.5711212158203,80.49925,108.69,105.07,102.582
2014-06-09,87.67038650512696,101.58712310791016,113.405419921875,16.544,3088.58,133.79451599121094,80.679,111.178,106.428,105.32
2014-06-16,144.75274353027345,147.06981811523437,169.3846237182617,18.216,3111.4,135.41236267089843,80.51400000000001,114.104,109.834,106.58400000000002
2014-06-23,132.4666748046875,122.06514434814451,116.67245178222656,17.418,3172.84,136.272900390625,80.2122,113.818,110.122,106.056
2014-06-30,113.15584716796874,106.33397064208984,96.58321914672852,16.0525,3243.36,134.3405990600586,80.00540000000001,111.506,108.66,104.8125
2014-07-07,117.34616088867188,107.86210479736329,113.23299560546874,16.548000000000002,3265.06,131.57990112304688,80.1408,108.558,106.38,102.596
2014-07-14,181.45128173828124,152.63072814941407,156.89917755126953,17.64,3259.6800000000003,129.73849792480468,80.4332,106.796,104.996,101.678
2014-07-21,247.40492553710936,185.89175872802736,106.1605499267578,16.684,3286.82,129.13843688964843,80.813,107.7,105.394,103.258
2014-07-28,185.9080780029297,162.94588623046874,136.60157012939453,17.688,3284.5800000000004,128.2848358154297,81.28580000000001,106.532,105.4925,99.792
2014-08-04,202.0933410644531,175.58834533691407,152.5150344848633,18.910000000000004,3267.7,127.6840805053711,81.4156,105.01399999999998,103.336,97.516
2014-08-11,187.35587158203128,152.33733367919922,105.42357940673828,17.746000000000002,3228.4,126.43787994384766,81.5185,103.504,102.538,97.194
2014-08-18,153.65062255859374,143.6307861328125,133.1305725097656,18.124,3261.52,125.25906066894532,82.073,102.072,100.806,94.914
2014-08-25,156.1236785888672,136.7394027709961,108.75078582763672,16.654,3280.925,126.0409408569336,82.57575,102.704,100.488,94.32
2014-09-01,252.2870849609375,193.78177490234376,126.39222412109376,18.5725,3271.88,124.99992561340332,83.2328,101.71,99.63,94.04
2014-09-08,141.49861907958984,135.12275390625,130.12431793212892,20.152,3221.38,122.65704193115236,84.2662,98.518,96.82,92.436
2014-09-15,146.30964202880858,136.17635803222657,130.8989715576172,19.162,3180.08,121.12597961425782,84.38466666666666,98.152,95.676,93.54
2014-09-22,118.52094039916992,133.11585083007813,150.71587219238282,20.0,3118.5,119.00478057861328,85.0564,96.954,95.102,92.39
2014-09-29,105.85988006591796,93.70146942138672,74.16649322509765,22.268,3078.78,118.7817611694336,85.775,94.585,93.282,91.55
2014-10-06,91.0323356628418,88.18881683349609,85.62682800292968,26.548,3094.88,119.05583953857422,85.6662,91.308,89.644,87.618
2014-10-13,86.7518798828125,79.11853790283203,58.51050720214844,34.03,3070.46,117.88726043701172,85.07066666666667,85.668,85.348,82.962
2014-10-20,74.94155960083008,76.2145278930664,79.02997207641602,30.046,3067.82,116.9096221923828,85.5144,85.85799999999999,84.275,81.628
2014-10-27,100.76889495849608,104.33184204101562,104.07679138183592,30.49,3122.1400000000003,117.87232055664064,85.943,86.216,84.28,81.256
2014-11-03,84.20770874023438,79.10794448852539,61.5592658996582,31.234,3112.62,117.03546142578124,87.47819999999999,83.36,80.986,78.242
2014-11-10,70.69139785766602,66.2613021850586,56.500465393066406,31.664,3107.6800000000003,116.84691925048828,87.67240000000001,80.5775,77.872,76.832
2014-11-17,115.53238067626953,103.1779769897461,95.9105499267578,33.852,3112.36,117.47899932861328,87.8098,79.114,74.952,75.384
2014-11-24,118.4222785949707,119.30036010742188,115.48795166015626,36.557500000000005,3093.74,116.33740043640135,87.8725,75.69800000000001,74.556,72.42750000000001
2014-12-01,72.32024002075195,81.44464874267578,83.68572998046875,36.36,3044.4,112.7749801635742,88.7174,70.34200000000001,67.154,67.18199999999999
2014-12-08,74.35755767822266,89.79908905029296,122.12778930664062,42.834,3025.9800000000005,110.9993179321289,88.60560000000001,64.56,62.932,61.114
2014-12-15,136.87457427978515,116.3139419555664,111.20543823242188,56.472,2962.76,108.81564178466796,88.9102,60.55,56.748000000000005,55.788
2014-12-22,74.50253982543946,82.5459083557129,98.0508316040039,54.5875,2926.5,106.81817436218262,89.95775,60.3725,56.9575,55.7375
2014-12-29,87.84830245971679,87.54844512939454,75.57478942871094,52.322500000000005,2910.925,105.10149955749512,90.3825,57.3825,54.09,53.4225
2015-01-05,65.6590446472168,95.93173065185547,130.73900451660157,53.67999999999999,2858.46,103.74789886474608,91.923,51.286,48.114,48.754
2015-01-12,70.72323837280274,135.3848678588867,233.27276611328125,54.858,2746.62,102.11187896728516,92.2652,48.11,43.984,47.076
2015-01-19,103.74610137939452,130.34437561035156,166.2478775024414,56.775,2744.2,101.69145011901855,93.4618,48.634,44.936,46.5175
2015-01-26,110.29185180664062,121.87001495361328,144.35397186279295,55.874,2702.6400000000003,100.38432006835936,94.5754,49.67,44.566,45.72
2015-02-02,127.1543914794922,117.79256744384766,116.95388565063476,60.84400000000001,2757.44,102.4160415649414,94.3026,56.238,52.35799999999999,50.648
2015-02-09,137.72513122558593,118.06398162841796,97.40719299316406,57.948,2731.62,102.95915985107422,94.4974,57.6,55.712,51.142
2015-02-16,125.65240631103516,132.32882843017578,155.23123779296876,55.5125,2718.24,103.2851505279541,94.2408,60.978,59.01333333333333,51.7925
2015-02-23,135.43541870117187,126.52863159179688,108.98401947021485,56.436,2730.9,102.40495910644532,94.82975,60.364,57.0,49.53
2015-03-02,152.32245178222655,127.3369598388672,87.58048248291016,50.588,2727.1,101.70115966796877,96.1606,60.264,57.828,50.402
2015-03-09,86.89324035644532,84.21856994628907,69.25074501037598,50.646,2709.62,99.08621978759766,99.85333333333334,56.842,55.184000000000005,47.67
2015-03-16,110.2624298095703,94.9111946105957,68.8454216003418,55.01800000000001,2712.52,98.00260009765626,98.826,54.522000000000006,52.218,44.336
2015-03-23,127.46749725341796,121.34283752441408,113.3425407409668,49.342,2801.48,100.17047882080078,97.1864,56.622,53.864,48.894
2015-03-30,156.94661865234374,131.44227905273436,102.58840408325196,51.61,2760.9,99.33986053466796,97.63075,55.8625,53.8125,48.8775
2015-04-06,153.0931884765625,134.12395935058595,117.41116638183594,46.474,2762.475,99.96545867919922,98.208,57.44199999999999,54.49400000000001,51.794
2015-04-13,129.61988220214843,109.6614501953125,97.99405212402344,44.094,2765.94,100.86051940917967,98.2954,60.822,57.518,54.80800000000001
2015-04-20,101.45396881103515,94.01731643676756,91.8022476196289,39.338,2761.18,101.15015869140623,97.6154,63.678,59.33,56.538
2015-04-27,68.44661254882813,67.02703018188477,58.60818519592285,36.668,2883.86,102.80715942382812,95.5926,65.71000000000001,61.99,58.282
2015-05-04,70.2213134765625,70.21834793090821,67.30959091186523,36.508,2955.05,104.03803863525393,94.8144,66.534,63.824,59.718
2015-05-11,109.67954711914062,93.5853286743164,71.12592468261718,33.102,2922.36,104.77382049560546,93.68575,66.396,63.31,60.014
2015-05-18,102.7612419128418,90.61867980957032,81.7690299987793,32.410000000000004,2824.18,103.417919921875,95.52,65.446,62.966,59.222
2015-05-25,56.315521240234375,63.74540481567383,70.84295883178712,34.47,2757.45,100.46900177001952,97.081,63.888,61.98199999999999,58.38
2015-06-01,78.62538986206054,89.46587753295898,104.0080680847168,36.078,2730.74,100.88247833251953,95.76675,63.902,61.1325,59.646
2015-06-08,77.89522781372071,64.48960876464844,42.10648078918457,32.422000000000004,2721.6400000000003,101.51322021484376,95.02075,64.45,61.678,60.088
2015-06-15,72.79186248779297,76.94224853515625,82.57636871337891,31.95,2635.02,100.3503402709961,94.4464,63.492,60.894000000000005,59.894000000000005
2015-06-22,99.80497360229492,98.30244598388671,87.42783660888672,29.524,2629.6400000000003,100.65393981933592,95.063,63.548,60.258,60.05800000000001
2015-06-29,109.28242950439451,114.18025207519533,118.85605316162108,33.4925,2617.28,101.72294998168944,95.7622,62.0,59.762,57.9225
2015-07-06,94.684130859375,83.84378433227539,58.84405326843262,41.202,2533.84,98.58478088378908,96.30575,57.556,56.59,52.40599999999999
2015-07-13,189.59111328125,137.0715072631836,60.63863830566406,36.448,2572.1400000000003,98.62220153808592,97.13225,57.604,56.67,51.69
2015-07-20,157.49075927734376,134.6650817871094,123.84324188232422,37.294,2497.6400000000003,95.11204223632812,97.4628,55.94199999999999,54.556,49.258
2015-07-27,113.45990142822264,110.31407470703124,102.38070831298828,39.166,2459.62,92.4998794555664,96.8965,53.134,52.236,47.96
2015-08-03,117.24290008544922,96.065584564209,65.42566013336182,40.78,2414.38,90.6776397705078,97.7558,49.446000000000005,50.260000000000005,44.918
2015-08-10,80.1021514892578,93.71803588867188,100.20623626708984,41.94,2402.0,91.07621917724607,96.7352,49.5,49.815,43.214
2015-08-17,96.29204559326172,84.06745529174805,63.79502258300781,41.67,2351.84,88.93387908935547,96.2386,47.358,47.596,41.376
2015-08-24,73.26399307250976,75.83401107788086,78.67581672668457,49.314,2322.56,86.86922149658203,95.037,45.33,44.082,40.786
2015-08-31,109.60134735107422,86.9610595703125,47.9310791015625,53.072,2380.85,89.30156097412109,95.9472,50.9,47.812,46.732
2015-09-07,126.0508026123047,121.38467712402344,114.89621124267578,49.83,2435.76,88.91085243225098,95.716,48.352,46.4575,45.16
2015-09-14,99.96473541259766,90.68504180908204,85.87212524414062,48.474,2429.1,88.6721206665039,95.138,47.86,45.238,45.464
2015-09-21,132.39187927246093,106.2951156616211,78.62856369018554,48.936,2342.26,87.95627899169922,96.2408,48.504000000000005,44.9225,45.52
2015-09-28,141.35503234863282,122.76456604003906,108.45559692382812,46.354,2332.1400000000003,87.547900390625,96.0508,47.952,44.914,45.006
2015-10-05,65.40145797729492,94.78739166259766,128.2421646118164,43.302,2375.66,90.10614013671876,95.4378,51.64,47.952,48.332
2015-10-12,83.89684371948242,87.99068298339844,88.56303634643555,42.908,2430.5,89.95888061523438,94.62775,49.484,47.246,46.808
2015-10-19,65.64789276123047,74.51993865966797,80.62330627441406,41.192,2372.32,88.23074188232422,95.6762,48.248000000000005,44.574,45.324
2015-10-26,65.56110229492188,71.0995086669922,75.82617797851563,43.526,2342.36,87.10458068847656,97.1554,48.352,43.598,45.154
2015-11-02,60.31175079345703,81.86139297485352,105.33421936035155,40.766000000000005,2308.0,86.42735900878907,97.828,48.662,44.15,45.97
2015-11-09,54.4393611907959,66.05619354248047,71.6786865234375,42.55800000000001,2250.3,83.44035949707032,98.9864,45.622,41.98,42.7
2015-11-16,194.03118896484372,282.1246307373047,437.3053405761719,45.256,2157.26,81.78682098388671,99.4558,44.222,40.116,40.818
2015-11-23,180.0709716796875,215.00675354003903,294.69036254882815,47.4375,2140.66,81.75227546691895,99.788,45.488,40.596,42.3425
2015-11-30,119.8881820678711,155.53685607910157,206.38483123779295,49.094,2154.62,81.24031982421874,99.1866,43.676,39.364,40.898
2015-12-07,129.21448364257813,178.4510528564453,258.3725219726563,51.278,2152.28,79.09976043701172,97.9956,39.752,36.892,36.94
2015-12-14,132.4005111694336,145.94707946777345,191.9685607910156,49.982,2153.7200000000003,77.33530120849609,98.333,37.5,33.708,35.772000000000006
2015-12-21,96.58692016601564,130.81839294433593,173.942138671875,47.555,2193.2,77.8645248413086,98.23075,36.9275,32.1575,36.620000000000005
2015-12-28,114.37383880615236,135.5350311279297,175.6010482788086,46.2125,2212.1666666666665,78.39192390441895,98.22925,37.0375,32.4125,37.08
2016-01-04,201.1541412353516,177.28351440429688,144.62057800292968,52.816,2135.88,77.12378234863282,98.8426,35.034,30.406,34.626
2016-01-11,128.6684326171875,115.83612213134764,94.4689811706543,61.714,2065.02,74.44660034179688,98.9354,30.538,26.652,30.59
2016-01-18,146.94273681640624,139.09415435791016,131.81434326171876,64.905,2085.04,73.878173828125,99.1336,29.324,23.888,29.1825
2016-01-25,91.56042861938477,81.77807006835937,66.9412223815918,65.016,2143.56,75.8885986328125,98.2986,32.806,26.5,32.186
2016-02-01,102.99125366210936,109.25721435546876,109.98792419433592,67.274,2186.62,75.76255798339844,97.7348,34.104,28.668,31.278
2016-02-08,109.27456588745116,108.21552886962893,104.0254165649414,73.986,2153.54,74.56406097412109,96.0062,31.492,26.38,28.146000000000004
2016-02-15,111.20481567382812,124.93650512695312,148.11781616210936,67.735,2185.54,75.39917373657227,96.6374,33.472,29.702,30.0275
2016-02-22,85.0033088684082,103.3392318725586,122.43571853637695,63.532,2228.44,75.62583923339844,97.5506,34.552,29.496,32.27
2016-02-29,101.1903839111328,93.72189712524414,80.83084030151367,54.936,2293.7,76.74871978759765,97.9418,37.1,31.56,34.660000000000004
2016-03-07,89.33132858276367,84.09165649414062,70.10637588500977,52.162,2322.38,79.29826049804687,96.7382,40.4,35.52,37.806
2016-03-14,88.79209747314454,110.35426788330078,127.07391815185548,46.866,2314.82,79.97891998291016,95.7986,40.268,35.848,38.324
2016-03-21,124.8891616821289,152.56389770507812,208.26728057861328,44.6875,2316.9,80.21150016784668,95.88132,41.06,36.9375,40.1525
2016-03-28,125.85676574707033,150.92076110839844,195.65054321289065,46.532,2272.075,78.89777984619141,95.0298,39.388,35.84,38.224
2016-04-04,78.38103103637695,88.8546974182129,93.56616821289064,48.226,2235.34,77.65660095214844,94.4576,39.354,35.31,37.264
2016-04-11,100.30004577636718,91.29166717529296,80.73218002319337,48.85,2273.32,80.49141998291016,94.4502,43.728,39.12,41.23
2016-04-18,81.53467330932617,81.15276565551758,91.14207458496094,43.956,2359.52,82.8302993774414,94.5346,44.476,39.728,42.08
2016-04-25,85.50631332397461,83.62744903564453,86.9530128479004,43.35,2378.4,84.27729949951171,93.95075,46.734,42.352,44.792
2016-05-02,73.27196426391602,91.60212707519533,104.49168701171877,44.596,2330.7,83.55015869140625,93.2834,45.16,42.432500000000005,44.238
2016-05-09,99.74837188720704,95.2709716796875,91.77747268676758,42.302,2248.26,83.80973968505859,94.1998,46.532,43.058,45.448
2016-05-16,91.70958557128908,87.4993881225586,84.74396057128907,42.044,2232.44,85.16123809814454,94.9642,48.942,45.438,48.026
2016-05-23,90.34870376586916,86.97935638427734,91.3726921081543,37.186,2223.2200000000003,84.91199951171875,95.369,49.122,45.148,49.014
2016-05-30,110.78098602294922,117.9041748046875,123.685986328125,37.3825,2246.1,86.27352523803711,95.292,49.77,45.866,48.975
2016-06-06,77.21303176879883,76.17221298217774,81.05857467651367,36.564,2254.6400000000003,89.03179931640625,93.9688,51.398,47.586,50.182
2016-06-13,68.02182998657227,101.92876434326172,139.25634765625,42.842,2262.16,88.45622100830079,94.535,49.102,45.772000000000006,47.914
2016-06-20,106.12819366455078,97.22396392822266,85.92752075195312,41.206,2310.7200000000003,88.27141876220703,94.0642,50.094,46.4,49.02
2016-06-27,112.2664810180664,120.72330780029296,125.13003463745116,39.118,2354.86,88.55538024902344,96.07,49.276,45.408,48.276
2016-07-04,101.4629737854004,104.25354537963868,119.60385971069336,41.54,2366.3,86.72277450561523,96.0996,48.004,44.8675,46.145
2016-07-11,87.03445510864258,92.7596420288086,108.0017921447754,40.044,2416.44,86.87301940917969,96.377,47.19199999999999,42.572,45.588
2016-07-18,143.52503662109376,149.86068115234374,158.71094360351563,37.870000000000005,2430.94,85.40370178222656,97.0586,46.536,42.438,44.754
2016-07-25,62.37959251403809,96.0899932861328,141.68795471191407,41.57,2403.76,83.69027862548828,96.753,43.644,40.172,42.142
2016-08-01,104.40580902099607,118.23090209960938,142.51484069824218,43.832,2409.54,83.38731994628907,95.6584,43.12,39.728,40.826
2016-08-08,114.35940856933594,111.29692230224607,126.55659942626951,39.458,2405.68,83.86567840576171,95.9626,45.486,41.5775,43.096
2016-08-15,74.71768493652344,90.23093032836914,105.45865020751953,36.29600000000001,2415.26,85.96204071044922,94.7612,49.84,45.986,47.17
2016-08-22,80.80624084472656,114.21818084716796,148.7879211425781,36.842,2373.54,85.3703399658203,94.8364,49.552,45.68,47.378
2016-08-29,64.53539276123047,93.30196990966796,124.78131408691408,38.822,2354.8500000000004,83.19533843994141,95.8306,47.39,44.292,45.126
2016-09-05,77.04932022094727,82.6477668762207,80.91885757446289,39.1025,2357.5,84.12222290039062,95.1972,48.174,44.326,45.9575
2016-09-12,101.9483139038086,105.12528457641602,102.3163833618164,40.698,2356.94,83.21876068115235,95.4902,46.726,42.91,44.342
2016-09-19,132.04342346191407,159.45749053955078,218.4300750732422,41.192,2406.28,84.52649841308593,95.689,46.44,42.894,44.576
2016-09-26,101.8573959350586,111.70784912109374,129.52249755859376,43.076,2449.6,84.94264221191406,95.4322,48.062,43.482,46.744
2016-10-03,93.3762477874756,90.02150650024414,100.6983024597168,36.974,2442.38,85.52512054443359,96.2772,51.612,48.674,49.516
2016-10-10,82.46640472412109,96.5446273803711,130.44847106933594,37.294,2430.84,86.24086151123046,97.624,52.26800000000001,49.578,50.622
2016-10-17,104.74667205810547,109.98333129882812,123.84774475097656,33.791999999999994,2384.3,86.39262084960937,98.1426,51.806,49.3,50.622
2016-10-24,97.05059661865236,87.11890411376953,70.39654312133788,35.146,2439.12,85.96587982177735,98.668,50.482,48.63,49.616
2016-10-31,63.06695861816407,68.1583038330078,68.54848175048828,41.416,2520.2,84.0405990600586,97.5528,47.046,44.66,45.52
2016-11-07,77.30331420898438,74.40283966064453,64.07076492309571,43.352,2659.32,83.54557952880859,98.3982,45.828,43.1,44.642
2016-11-14,97.96827011108398,98.73275604248047,97.5568344116211,48.724,2675.5,82.82745971679688,100.57,46.272000000000006,42.728,45.162
2016-11-21,89.06326293945312,87.69391632080078,85.96020812988282,48.35,2779.98,85.10332489013672,101.396,48.642,45.652,47.385000000000005
2016-11-28,99.19826431274414,117.65537567138672,136.73806915283205,45.572,2794.34,86.06100158691406,101.114,50.698,46.388,48.898
2016-12-05,72.46701583862304,80.72680969238282,82.30836715698243,36.08,2806.18,87.91120147705078,100.7,54.018,51.052,50.966
2016-12-12,106.14687957763672,112.07328643798829,114.5279327392578,31.676,2777.14,87.53882141113282,101.966,54.908,52.612,51.92999999999999
2016-12-19,112.03114166259766,140.7525634765625,184.7243804931641,29.048,2684.68,86.35005950927734,103.11,54.988,52.362,52.562
2016-12-26,121.31074676513671,123.89291839599608,143.11314697265624,30.1875,2653.866666666667,87.63317489624023,102.844,56.3175,53.545,53.8625
2017-01-02,126.6572525024414,114.94289855957032,102.20452651977538,31.8175,2676.775,87.03395080566406,102.496,56.48,54.2925,53.335
2017-01-09,127.44484252929688,124.39389190673828,125.5382095336914,32.678,2771.6400000000003,87.48733978271484,101.65,55.028,53.492,52.082
2017-01-16,117.95316925048829,101.22528686523438,93.34624938964843,30.64,2796.88,88.46662521362305,100.948,54.98,53.39,51.8375
2017-01-23,97.88721618652345,108.67882385253908,116.193017578125,30.032,2824.9,88.39194030761719,100.29,55.502,53.864,53.126
2017-01-30,169.13031616210938,171.17717590332032,169.91407165527343,30.084,2826.7,87.90128021240234,99.8482,56.220000000000006,54.21,53.338
2017-02-06,133.9306610107422,134.90737609863282,127.85880966186524,28.55,2839.96,88.39897918701172,100.3794,55.644000000000005,54.08,52.876
2017-02-13,166.61207275390626,130.53278045654298,81.63843383789063,26.978,2903.56,88.57366027832032,100.956,55.754,54.182,53.2
2017-02-20,100.6614776611328,99.09943389892578,89.3096694946289,26.0975,2882.74,87.56809997558594,101.136,56.23,54.646,54.0225
2017-02-27,87.40835494995117,92.06895141601562,97.00442657470704,25.334,2879.94,87.46774139404297,101.554,55.772000000000006,54.71,53.566
2017-03-06,124.93856506347656,113.02303466796874,97.73294525146484,30.118,2797.48,85.51977996826172,101.724,53.720000000000006,53.198,50.878
2017-03-13,82.73826141357422,82.35610809326172,77.65601501464843,30.348000000000003,2840.86,84.56068115234375,100.882,51.516,50.128,48.502
2017-03-20,121.73196258544922,137.37049560546876,144.4023422241211,29.902,2851.42,84.76138153076172,99.8574,50.916,49.526,47.854
2017-03-27,92.59588165283203,98.23804626464845,103.05530548095705,28.93,2866.48,85.06801910400391,99.9272,52.05800000000001,49.94,49.312
2017-04-03,127.27689819335936,124.71810913085938,113.84817504882812,27.368,2841.92,85.4481414794922,100.698,54.356,52.468,51.272000000000006
2017-04-10,142.96365509033205,136.8484115600586,141.9983703613281,26.73,2775.96,86.02142524719238,100.726,55.99,54.245,53.1925
2017-04-17,171.27285614013672,136.13593597412108,89.52804489135742,28.102,2734.1,84.87750091552735,99.8808,53.626,52.49400000000001,51.078
2017-04-24,111.74109497070312,105.51460723876951,90.43861694335938,29.404000000000003,2776.06,83.8531997680664,99.0096,51.738,50.364,49.342
2017-05-01,121.82981491088869,106.99405822753906,80.5626724243164,32.59,2747.775,83.33612060546875,98.9414,50.05,48.825,47.212
2017-05-08,93.827392578125,90.7013168334961,79.54866409301758,33.904,2703.8,82.73537902832031,99.4426,49.98,49.16,47.062
2017-05-15,88.49499206542968,84.24491424560547,61.87465972900391,32.6,2739.96,83.83730010986328,97.8804,52.36,51.05800000000001,49.252
2017-05-22,161.2754669189453,165.8346710205078,171.64286270141602,31.274,2778.7200000000003,84.42846069335937,97.1912,53.118,52.28,50.452
2017-05-29,103.41047668457033,113.69451141357422,125.86380157470704,31.5625,2755.025,82.70622634887695,97.2102,51.004000000000005,49.944,48.5
2017-06-05,150.2025390625,210.81401519775392,303.18418884277344,33.298,2723.66,82.20727996826172,96.944,48.732,47.722,46.556
2017-06-12,117.49258422851562,108.52404174804688,105.63643188476564,31.628000000000004,2722.2,81.25619964599609,97.148,47.66,46.482,45.294
2017-06-19,157.33377380371093,174.61688690185548,197.20475158691409,32.144,2754.86,79.8950210571289,97.5532,45.702,44.658,43.142
2017-06-26,105.42757415771484,110.10010833740236,104.39535675048828,30.802,2824.86,81.0116180419922,96.2172,47.026,45.79,44.666
2017-07-03,197.09073486328128,140.06201782226563,64.42120208740235,32.215,2838.5,82.41125106811523,96.1072,48.38,47.502,45.4875
2017-07-10,111.5953384399414,90.63184814453123,64.01620254516601,32.272,2835.6,82.53040161132813,95.6666,47.894,46.084,45.510000000000005
2017-07-17,123.92745819091796,103.31211547851562,74.42508239746094,29.724,2865.42,83.22890014648438,94.535,48.864,47.752,46.42
2017-07-24,108.60534973144532,99.94324951171876,82.16531105041504,29.506,2947.28,83.63045959472656,93.7652,50.756,48.386,48.346
2017-07-31,185.5792022705078,149.15930786132813,92.6729965209961,29.998,2976.44,83.69224090576172,93.0246,52.24400000000001,50.616,49.506
2017-08-07,217.89136352539063,158.95028076171874,93.0193328857422,28.982,3050.0,83.86160125732422,93.35783333333336,52.242,50.88,49.106
2017-08-14,175.85416717529296,167.23203735351564,143.6103729248047,28.898000000000003,3086.04,82.82537994384765,93.5535,51.11,49.412,47.504000000000005
2017-08-21,153.10234375,151.71471405029297,160.79042282104493,28.358,3153.7,83.21884002685547,93.02733333333332,52.11,50.346,47.744
2017-08-28,140.46712799072264,122.06195373535157,92.1736961364746,29.746,3213.575,83.92624053955078,92.587,51.976,49.96,46.698
2017-09-04,236.2366973876953,185.81778259277343,108.58966522216797,29.7175,3226.46,85.3792495727539,91.942,53.638,51.986,48.5975
2017-09-11,122.4651710510254,106.5168342590332,76.18647079467773,26.936,3140.68,84.98784027099609,92.03616666666666,54.872,52.878,49.076
2017-09-18,190.3631317138672,142.5093795776367,101.02680206298828,26.594,3142.82,85.03116149902344,92.166,56.04,54.3,50.202
2017-09-25,128.2590103149414,108.67449798583984,101.3169355392456,27.206,3122.2200000000003,84.8089599609375,93.03933333333332,58.062,55.474,51.894000000000005
2017-10-02,134.0937026977539,116.6667221069336,103.20273895263672,27.35,3180.96,83.98243865966796,93.67616666666667,56.10799999999999,54.63,50.212
2017-10-09,109.71813507080078,85.36552352905274,50.376566886901855,26.374,3244.54,84.93648071289063,93.20633333333336,56.552,54.598,50.77
2017-10-16,118.38084716796877,106.07355499267578,105.90897521972656,25.882,3280.72,85.49021911621094,93.48116666666664,57.766,55.7375,51.71
2017-10-23,129.98241119384767,102.37025909423828,62.65348777770996,25.304,3286.42,85.86469879150391,94.27683333333334,58.776,56.108,52.618
2017-10-30,79.59391632080079,103.6163558959961,119.81087799072266,25.352,3279.9,86.48883972167968,94.74216666666666,61.09,58.754,54.602
2017-11-06,160.2152099609375,128.86499481201173,96.92823181152345,28.272,3250.7,87.61497955322265,94.6385,63.78,61.688,57.054
2017-11-13,110.9581527709961,87.03387222290038,71.35311431884766,29.104000000000003,3210.84,86.35877990722656,93.944,62.264,60.574,55.896
2017-11-20,114.66651763916016,93.61702270507811,71.25951652526855,26.8825,3254.38,86.67650032043457,93.34066666666666,63.104,61.00599999999999,57.4725
2017-11-27,148.64915161132814,117.41742095947264,68.12546501159667,26.838,3209.5,86.4498794555664,93.055,63.572,61.068,57.832
2017-12-04,108.31805877685548,92.07511596679689,70.64085102081299,23.384,3124.76,84.53896026611328,93.6255,62.426,60.324,57.02
2017-12-11,117.7993667602539,103.1398468017578,80.6066062927246,22.708,3167.28,83.80102081298828,93.80283333333334,63.402,61.24400000000001,57.214
2017-12-18,107.43123474121094,80.63888854980469,45.64691162109375,18.778,3289.44,85.0258804321289,93.4148,64.384,61.764,57.908
2017-12-25,106.2370346069336,107.43247833251954,101.97303619384766,20.915,3415.366666666667,87.41799926757812,92.752,66.7625,63.6825,59.9675
2018-01-01,163.44859771728517,127.2331756591797,93.09675827026368,22.475,3391.175,88.37565040588379,92.0125,67.525,64.8,61.3625
2018-01-08,114.41194763183594,98.81204071044922,75.53428726196289,23.084,3367.2,88.21832122802735,91.82233333333332,68.986,65.986,63.272000000000006
2018-01-15,91.42148818969729,86.1791778564453,84.26442184448243,24.1725,3378.38,88.62092590332031,90.58133333333336,69.34200000000001,66.55199999999999,63.755
2018-01-22,119.99898376464844,108.73627319335938,99.96349716186523,22.588,3409.84,89.9377197265625,89.5415,70.092,66.964,65.04400000000001
2018-01-29,76.48565216064453,71.61271896362305,72.05247611999512,22.78,3422.5,89.93946075439453,89.11116666666668,69.152,66.568,65.208
2018-02-05,83.4007583618164,76.66799621582031,61.447462463378905,27.728,3349.26,87.29633941650391,90.0725,65.518,63.35,61.936
2018-02-12,82.42300338745117,71.64653854370117,61.38781585693359,28.416000000000004,3396.0199999999995,87.51027984619141,89.2975,63.76800000000001,60.3,60.42
2018-02-19,86.30489044189453,76.75083541870117,63.65118751525879,25.965,3416.82,88.40935134887695,89.7325,66.00800000000001,61.898,62.475
2018-02-26,116.38577117919922,94.22617034912108,60.20465316772461,25.94,3353.1,88.42447814941406,90.17833333333331,65.622,62.568000000000005,62.16
2018-03-05,142.34781951904296,107.61703643798828,56.7481185913086,26.236,3301.34,88.25765838623047,89.9545,64.954,61.21,61.696000000000005
2018-03-12,211.4352233886719,142.64564056396483,48.911613082885744,24.866,3287.4,87.57937927246094,89.97416666666668,65.162,61.476,61.312
2018-03-19,160.30904846191407,129.48422546386718,83.69903106689453,26.112,3228.02,87.04020080566406,89.78833333333334,68.46000000000001,64.024,64.162
2018-03-26,120.04414672851564,97.82262115478515,71.68479537963867,26.7075,3195.925,87.18655204772949,89.7565,70.0075,65.5925,65.03
2018-04-02,101.57979736328124,97.0433364868164,88.7293472290039,25.992,3214.925,86.915380859375,90.192,67.84400000000001,65.47999999999999,63.098
2018-04-09,176.06259002685547,166.42480926513673,163.70875091552733,28.072000000000003,3319.84,88.88682098388672,89.72566666666667,71.27000000000001,67.292,66.042
2018-04-16,234.399365234375,178.44364471435546,97.13503723144532,28.898000000000003,3435.6,89.6651596069336,89.86833333333334,72.864,69.27799999999999,67.576
2018-04-23,177.03863220214845,134.05867767333984,77.7557144165039,27.746,3343.04,89.26133880615234,91.25783333333334,74.39,70.67999999999999,68.136
2018-04-30,197.5635528564453,148.17452392578124,82.58949356079101,27.306,3304.8,89.62312164306641,92.39366666666666,74.03,70.3275,68.38
2018-05-07,254.94888305664065,177.2566116333008,74.73046417236328,26.936,3335.25,90.01951904296875,92.76766666666668,76.564,73.612,70.598
2018-05-14,163.49857482910156,126.8204330444336,83.02184600830078,25.722,3337.94,90.278759765625,93.33566666666668,78.75,75.58,71.306
2018-05-21,194.76116943359372,136.16688690185546,48.61053581237793,26.17,3342.2,91.27870025634766,93.847,78.764,76.634,70.96
2018-05-28,159.3274688720703,118.8185531616211,63.90203380584717,28.3,3350.0,90.54127311706544,94.25333333333332,76.514,74.3325,66.9475
2018-06-04,179.20562286376952,127.53654174804689,42.78918113708496,28.714,3463.5,89.78224182128906,93.671,75.962,74.042,65.338
2018-06-11,183.83802032470703,138.04832153320314,66.50083503723144,26.97,3439.16,89.28625946044922,94.25366666666667,75.692,74.225,66.21000000000001
2018-06-18,109.08393783569336,83.74974975585937,47.72681312561035,27.39,3287.92,86.94433898925782,94.78516666666668,74.752,71.74199999999999,66.252
2018-06-25,149.94322357177734,117.02049713134764,69.43002548217774,26.798,3225.34,86.80811920166016,94.79916666666666,77.19,74.25,71.79400000000001
2018-07-02,124.75070190429688,113.39334869384766,78.12437171936035,28.5325,3104.1400000000003,85.84832572937012,94.477,77.56,74.902,73.705
2018-07-09,160.02931060791016,143.1870376586914,114.82169494628906,27.786,3034.96,84.63537902832032,94.54133333333334,76.022,73.926,71.936
2018-07-16,131.9532043457031,111.05676040649412,87.36302795410157,27.42,2966.02,83.1068603515625,94.74483333333332,72.51,70.98400000000001,68.964
2018-07-23,152.7403549194336,131.04041900634766,104.05663299560548,25.398,3018.4,84.48646087646485,94.613,73.852,72.482,68.80199999999999
2018-07-30,167.9644577026367,127.71879425048829,61.81437530517578,26.028,3000.7,84.887060546875,94.83383333333336,73.654,72.512,68.8
2018-08-06,205.3950592041016,156.9772186279297,73.63518295288085,25.58,2998.48,84.95813903808593,95.64083333333332,73.112,72.14750000000001,67.912
2018-08-13,159.3994598388672,125.11234130859376,69.81861724853516,26.158,2900.2200000000003,83.16766204833985,96.44733333333332,71.81800000000001,70.736,66.124
2018-08-20,131.01409378051758,108.58786315917968,94.0254280090332,24.544,2929.96,83.43221893310547,95.4228,74.03399999999999,72.265,67.638
2018-08-27,149.99701538085938,106.39992446899414,62.59538040161133,24.482,2969.6000000000004,83.65956115722656,94.84816666666666,76.898,75.076,69.39200000000001
2018-09-03,91.42480564117432,76.0032262802124,47.60363235473633,26.3875,2878.58,82.7101001739502,95.24166666666667,77.384,75.786,68.5275
2018-09-10,81.40856628417968,81.00640258789062,70.74892311096191,26.662,2876.92,82.91213989257812,94.93216666666667,78.488,76.602,68.94800000000001
2018-09-17,130.7656219482422,95.28824920654296,40.132690048217775,26.372000000000003,2925.52,83.30435943603516,94.3325,78.796,76.836,70.292
2018-09-24,144.38218841552734,100.83843383789062,43.6403769493103,26.702,2989.38,84.91737823486328,94.61283333333334,81.77000000000001,79.714,72.26
2018-10-01,91.91132316589356,79.68550109863281,69.29685668945312,28.282,3024.16,86.97562103271484,95.5884,84.962,82.928,75.122
2018-10-08,119.64583129882811,93.3911865234375,51.16494903564453,28.518,2990.18,86.54176025390625,95.4175,82.538,81.494,72.946
2018-10-15,152.36483459472657,121.71138458251951,69.23113441467285,28.252,2976.24,86.50997924804688,95.4925,80.262,78.934,70.244
2018-10-22,159.7859344482422,124.09507293701172,75.29959392547607,28.906,2960.66,85.06776123046875,96.30933333333331,77.39,76.282,67.468
2018-10-29,120.8585220336914,98.09460754394532,70.88018569946288,30.646000000000004,2903.18,83.72779846191406,96.656,74.888,74.58,65.072
2018-11-05,130.27975997924804,98.57844619750976,57.33789596557617,33.44199999999999,2905.18,83.5516586303711,96.4374,71.64,70.685,61.568000000000005
2018-11-12,89.71645851135254,73.96122894287109,53.59511184692383,45.47,2886.24,83.39727783203125,96.91166666666668,67.018,67.082,56.958000000000006
2018-11-19,107.34158172607422,78.41930618286133,45.96714935302735,54.2425,2916.66,83.16700172424316,96.71796666666668,62.84,63.57000000000001,53.81
2018-11-26,152.9106002807617,114.05115203857422,68.60169830322266,55.3,2886.2,82.05186004638672,97.0621,59.534000000000006,59.14,51.172
2018-12-03,145.4032890319824,116.12042846679688,69.25438499450684,47.8525,2913.7200000000003,83.09527893066407,96.83875,61.412,60.15599999999999,52.638
2018-12-10,129.45700225830078,104.91058044433592,71.3068058013916,41.61,2881.2,82.26327972412109,97.2316,60.41,59.260000000000005,51.516
2018-12-17,139.83637237548828,116.07426223754882,76.45135726928712,51.09,2843.7200000000003,79.4810791015625,96.8965,56.25599999999999,55.832,46.958000000000006
2018-12-24,69.27665672302246,74.43335876464843,72.09909172058106,55.2675,2812.2333333333336,77.70555114746094,96.57236666666668,52.325,51.81666666666666,44.6725
2018-12-31,112.01758394241332,93.75957298278809,70.21574001312256,52.92,2768.375,77.37252426147461,96.3298,55.43,53.55,46.75
2019-01-07,108.63860778808592,87.10936126708984,61.65958786010742,44.968,2810.2200000000003,79.3171600341797,95.60903333333331,59.92999999999999,58.36,50.968
2019-01-14,132.40802612304688,111.60924835205078,81.18948440551758,38.398,2830.92,80.41898040771484,96.07523333333334,60.966,59.77,52.16
2019-01-21,121.1808364868164,91.24308776855467,71.76775817871093,36.9775,2865.54,80.36072540283203,96.15436666666666,61.622,61.222,53.0025
2019-01-28,183.28651428222656,127.60067138671874,44.52251586914063,35.739999999999995,2918.06,80.58797912597656,95.60048333333332,61.508,60.676,53.716
2019-02-04,157.61199874877929,108.86437149047852,40.45882987976074,33.638,2966.2200000000003,80.61424102783204,96.34986666666668,62.182,62.35333333333333,53.518
2019-02-11,116.03640747070312,95.22548370361328,67.35543556213379,31.97,2904.96,80.16697998046875,96.94533333333334,63.672,63.606,53.88199999999999
2019-02-18,139.8592086791992,108.20799102783204,73.20690231323242,30.442500000000003,2988.06,81.72217559814453,96.58195,66.84400000000001,66.786,56.807500000000005
2019-02-25,208.27757263183597,154.3251480102539,95.89227447509764,31.17,3049.74,81.29488067626953,96.27086666666666,65.49199999999999,65.848,56.188
2019-03-04,96.13963088989256,78.63182678222657,59.29343109130859,29.976,3019.56,80.74791870117187,97.12833333333332,65.912,65.836,56.42
2019-03-11,70.49140777587891,77.85137405395508,77.72619323730468,27.872,3023.36,81.11600036621094,96.816,67.038,67.412,57.81
2019-03-18,72.14800071716309,91.88022308349608,103.40370712280271,27.410000000000004,3031.84,82.08944091796874,96.40803333333334,67.708,67.662,59.394000000000005
2019-03-25,77.60671691894531,76.00819473266601,69.43755588531494,28.124,3017.88,81.52962036132813,96.94946666666668,67.844,66.934,59.522000000000006
2019-04-01,98.23055725097656,70.76587982177735,35.51637573242188,25.46,3037.1,82.06395874023437,97.29625,69.486,68.792,62.362
2019-04-08,146.12107543945314,109.70951232910156,71.40883255004883,25.014,3020.96,82.68050079345703,97.01031666666668,71.164,70.304,64.09200000000001
2019-04-15,80.40167999267578,70.94961471557617,46.88346405029297,25.18,3014.75,81.91412544250488,97.20211666666668,71.6225,70.73249999999999,63.8025
2019-04-22,108.65388450622558,113.97982025146484,109.2058364868164,26.944,2971.4,81.40287933349609,97.88131666666668,73.924,73.74199999999999,65.28
2019-04-29,115.66528091430663,87.23617858886719,51.63721199035645,29.626,2922.38,80.2143798828125,97.6423,71.724,71.02000000000001,62.952
2019-05-06,156.33121643066406,123.4659912109375,72.10164756774903,32.498000000000005,2858.175,78.93323822021485,97.45395,70.5,69.596,61.826
2019-05-13,207.5569610595703,172.7959716796875,130.584383392334,30.97000000000001,2846.56,79.46818084716797,97.70878333333332,71.614,71.126,62.09400000000001
2019-05-20,143.53556213378906,115.68975372314452,71.2769546508789,29.946,2804.1400000000003,79.06553955078125,97.84511666666668,70.31800000000001,69.705,60.81
2019-05-27,104.83722381591797,81.02097702026367,39.160457611083984,39.33,2780.95,78.89410018920898,97.88808333333331,68.20599999999999,66.654,57.010000000000005
2019-06-03,114.9212417602539,94.77520904541016,65.05466766357422,42.968,2750.32,77.1809799194336,96.96791666666668,61.76800000000001,60.1925,52.998000000000005
2019-06-10,126.13524475097655,106.71310195922852,73.40258178710937,41.064,2762.94,77.40215911865235,97.09025,61.574,60.65599999999999,52.492
2019-06-17,183.2492691040039,123.64551696777345,36.7078088760376,42.832,2782.02,78.36031951904297,96.88530000000002,62.91,61.742,54.734
2019-06-24,196.1029266357422,133.17285614013673,44.09583702087402,39.402,2819.02,79.85975952148438,96.15271666666666,65.9,64.19800000000001,58.602
2019-07-01,157.80655212402343,104.34946746826172,34.472245407104495,36.2775,2776.44,78.85644912719727,96.93903333333331,63.762,62.468,57.5475
2019-07-08,134.92514190673828,95.59786453247072,35.753724098205566,31.062,2793.66,80.05491943359375,97.10793333333334,65.704,64.336,59.266
2019-07-15,104.68507385253906,81.22222175598145,55.0939338684082,33.148,2855.88,79.61455993652343,97.10525,63.778,63.344,56.98199999999999
2019-07-22,170.4782745361328,128.77908477783205,69.90126419067383,32.596000000000004,2838.8,79.12702026367188,97.74766666666666,63.424,62.784000000000006,56.218
2019-07-29,140.99304656982423,119.66856079101562,88.42241134643555,32.892,2798.225,78.25825958251953,98.18981666666669,63.198,62.822,56.622
2019-08-05,156.35993194580078,146.18990173339844,117.02577209472656,36.538,2740.08,76.7347198486328,97.55248333333331,58.178,58.2875,53.29
2019-08-12,114.31895751953124,99.8916862487793,75.20941200256348,34.934000000000005,2770.46,76.94917755126953,97.9414,59.24399999999999,58.4875,55.32000000000001
2019-08-19,157.5611557006836,112.73467712402343,56.32321472167969,33.062,2748.1400000000003,76.52685852050782,98.03543333333332,59.866,59.49,55.55
2019-08-26,116.81947250366213,100.98137283325195,71.61300964355469,33.17,2745.525,76.91888122558593,98.41863333333332,60.042,58.918000000000006,55.232000000000006
2019-09-02,111.58396911621094,91.00904998779296,65.97794876098632,34.25,2790.72,77.83662414550781,98.60171666666668,60.022000000000006,57.716,55.755
2019-09-09,107.2372833251953,85.31184387207031,64.29052963256837,34.565999999999995,2844.82,78.53592071533203,98.31921666666666,61.276,59.916,56.188
2019-09-16,214.95464477539065,166.34437408447266,118.95768127441406,42.81,2818.62,79.87962036132812,98.45106666666668,65.17,64.444,59.314
2019-09-23,116.47291564941406,87.7311294555664,53.121508026123045,38.518,2789.2200000000003,79.02173919677735,98.88001666666668,62.98199999999999,62.484,56.948
2019-09-30,111.56508255004884,82.61831893920899,41.58230876922608,39.392,2762.78,77.76754150390624,98.99815,58.688,58.822,53.11800000000001
2019-10-07,137.8381134033203,124.73970260620118,115.34645538330078,39.216,2790.52,78.05828094482422,98.77256666666666,58.904,58.44,53.24400000000001
2019-10-14,186.55133361816405,128.2816146850586,74.85782718658447,38.658,2796.34,78.51478118896485,97.8132,59.36800000000001,59.436,53.49400000000001
2019-10-21,131.003165435791,100.39691848754885,56.82999038696289,35.686,2827.92,78.91486053466797,97.60423333333334,60.70399999999999,60.1,55.266
2019-10-28,110.18030548095705,98.08003692626951,76.51288070678712,35.182,2848.36,79.63526153564453,97.48331666666668,61.138,60.535,55.358
2019-11-04,85.31686401367188,77.10691452026367,58.686272048950194,33.104,2862.04,80.28609924316406,98.0473,62.326,61.11600000000001,56.902
2019-11-11,113.81075515747072,95.20261001586914,71.20616226196289,33.894,2792.92,79.0057388305664,98.16663333333334,62.438,61.838,57.054
2019-11-18,105.06070022583008,79.87462310791015,44.859805297851565,32.55800000000001,2755.1,78.35898132324219,98.01701666666666,62.622,62.20399999999999,57.144000000000005
2019-11-25,74.99010696411133,69.35027084350585,52.30426082611084,32.675,2762.16,78.16679954528809,98.31271666666667,63.65599999999999,63.476,57.425
2019-12-02,96.5479835510254,80.63837203979492,57.62242660522461,32.532,2742.16,77.73491973876953,97.67198333333332,62.504,61.734,57.624
2019-12-09,109.7457290649414,90.77283325195312,65.88292655944824,27.994,2806.62,78.69471893310546,97.30541666666666,64.346,64.058,59.254
2019-12-16,94.77853584289552,82.9809326171875,64.7728759765625,25.99,2845.92,80.2726806640625,97.39763333333332,66.058,66.13000000000001,60.748000000000005
2019-12-23,58.76111373901367,58.89634017944336,50.50400352478027,24.9525,2861.0,80.87627410888672,97.39668333333331,67.4175,67.085,61.2575
2019-12-30,150.64971008300782,130.50029296875,105.83820190429688,28.7075,2848.8,81.16155052185059,96.72906,67.32249999999999,67.14,61.7425
2020-01-06,389.32493591308594,281.5617279052734,185.3692886352539,32.064,2850.82,80.99131927490234,97.19588333333331,66.59400000000001,67.86600000000001,60.836
2020-01-13,182.57005310058597,142.76067199707032,80.01359481811524,31.928,2889.64,80.01972045898438,97.41603333333336,64.43199999999999,64.982,58.236
2020-01-20,137.34480895996094,92.29428787231446,33.927540397644044,31.215,2832.0,78.35725021362305,97.67003333333332,63.146,63.754,56.215
2020-01-27,135.03955688476563,96.13385314941408,34.935035705566406,37.542,2652.82,75.67796020507812,97.76513333333332,59.018,58.5375,52.73
2020-02-03,107.08123626708984,97.8138412475586,77.94639358520507,38.616,2639.54,74.52729949951171,98.31431666666668,54.61800000000001,54.468,50.348
2020-02-10,59.31254501342774,65.01772918701172,65.40568809509277,36.776,2670.7,74.88868103027343,98.9827,55.346,54.072,50.83
2020-02-17,114.95870819091796,87.61242980957032,52.769918823242186,33.692499999999995,2670.34,76.28492546081543,99.44315,58.470000000000006,56.162,53.125
2020-02-24,98.95570373535156,83.61527099609376,53.282622528076175,45.22,2616.54,73.26009826660156,98.6491,53.476,52.214,48.382
2020-03-02,102.8439598083496,100.94178695678713,116.98924179077147,53.464,2627.04,72.47383880615234,96.66985,50.03,50.494,45.578
2020-03-09,94.22557983398436,75.66718444824218,55.57243957519531,111.206,2561.3,67.38285980224609,96.94828333333334,34.888,33.65,32.34
2020-03-16,76.31971435546875,73.62621841430663,60.628370094299314,156.55,2366.4,61.31793975830078,101.13408333333332,27.822000000000003,29.014,24.734
2020-03-23,131.78474044799805,94.87925491333009,46.74745483398438,165.302,2277.98,63.15978012084961,100.25721666666668,26.568,25.814,23.194
2020-03-30,104.15918273925782,78.1088996887207,34.73601131439209,161.616,2294.36,61.59113998413086,99.8935,26.858,22.792,22.908
2020-04-06,91.96577301025393,86.09322662353516,75.94923248291016,138.665,2322.2,63.16507434844971,99.87813333333334,32.31,24.1475,24.39
2020-04-13,95.74083862304688,78.2890235900879,50.41898040771484,112.262,2390.6,62.510100555419925,99.54058666666668,28.986,20.796,20.106
2020-04-20,81.56326904296876,72.79890022277831,52.68424110412597,234.522,2379.9,60.63643951416016,100.273885,21.608,17.594,3.92
2020-04-27,62.5059455871582,68.30236053466797,72.55023612976075,158.998,2396.08,60.134980010986325,99.45560833333332,22.94,18.1125,15.76
2020-05-04,56.9915168762207,61.73091049194336,60.39729385375976,103.88,2386.0,61.811119842529294,99.78270666666668,29.664,25.7825,23.446
2020-05-11,62.322649765014646,52.96536636352539,30.88612003326416,87.17,2398.8,61.380680847167966,100.27616666666668,30.486,28.452,26.44
2020-05-18,126.87623748779296,108.6253189086914,72.3494255065918,79.404,2458.48,63.124819946289065,99.52083,35.28,33.15,32.996
2020-05-25,130.95342750549315,94.2789405822754,40.27733879089355,72.8925,2449.2,63.081326484680176,98.79239333333334,35.412,34.33,34.09
2020-06-01,101.96216506958008,79.5220817565918,52.59966850280762,64.83,2538.02,64.04838027954102,97.19542666666666,39.994,39.244,37.3
2020-06-08,103.3076187133789,78.13192443847656,37.72120437622071,67.648,2616.7,64.43396072387695,96.68221166666666,40.19799999999999,40.744,37.866
2020-06-15,105.43232803344726,97.7194709777832,84.17370910644532,63.254,2615.2,64.07073974609375,97.263285,41.018,40.828,38.41
2020-06-22,90.02312622070312,70.63661346435546,44.60599021911621,61.386,2641.76,63.983541107177736,97.19025666666666,41.618,42.16,39.21
2020-06-29,71.54554710388183,60.02998008728027,64.43131217956542,55.605,2685.06,65.0088996887207,97.29345,42.166,42.186,39.86
2020-07-06,109.52237701416016,80.00922317504883,38.15281524658203,50.89,2777.62,66.49929962158203,96.66120166666668,43.012,43.3825,40.464
2020-07-13,81.42825431823731,71.60214614868164,47.107883071899415,47.968,2853.5,66.4597396850586,96.16862166666664,43.184,43.314,40.586
2020-07-20,143.9714553833008,98.26692199707033,40.08676872253418,42.234,2865.28,67.52217712402344,94.89961833333332,43.708000000000006,43.648,41.406
2020-07-27,115.63147048950196,86.48720321655273,39.28628273010254,41.706,2876.7,68.59131927490235,93.43462166666669,43.324,43.165,40.82000000000001
2020-08-03,69.09716339111328,56.17360992431641,32.700521850585936,38.79600000000001,2913.6400000000003,70.68598175048828,93.23921833333333,44.648,43.36,41.614
2020-08-10,81.40346221923828,58.1771713256836,27.212709617614745,35.59,2898.1,70.54168090820312,93.4168,44.936,43.8425,42.094
2020-08-17,142.5697265625,96.92423248291016,33.57975692749024,32.698,2965.42,72.01346130371094,92.86867833333334,45.09,43.956,42.726
2020-08-24,129.1485107421875,93.8199188232422,39.237989044189455,32.974000000000004,2980.96,72.34364013671875,92.82729,45.354,44.416,43.074
2020-08-31,117.35636291503906,98.66937713623048,71.67655029296876,37.024,3015.85,72.86772155761719,92.60084833333332,44.404,44.71,41.604
2020-09-07,142.83884887695314,111.3292007446289,61.25732002258301,51.9025,3008.58,71.53629875183105,93.22637166666664,40.494,40.120000000000005,37.36
2020-09-14,128.83947143554687,90.42657318115236,36.7631275177002,42.706,3039.1600000000003,72.23866119384766,93.02475166666666,41.762,40.806,39.556
2020-09-21,91.66717529296876,65.93788528442383,39.472024536132814,42.62,2961.08,70.89485778808594,94.2058,41.758,41.468,39.88
2020-09-28,110.26824645996092,98.4902801513672,78.8893253326416,47.126,2934.2200000000003,70.43191986083984,93.908345,40.922,40.676,39.176
2020-10-05,123.07690734863282,86.2187286376953,33.09148979187012,45.014,2970.96,71.92995910644531,93.42551666666668,42.424,40.916,40.326
2020-10-12,121.66322784423828,84.99530792236328,37.35547256469727,44.306,3033.26,73.0327392578125,93.53587333333331,42.716,41.596,40.502
2020-10-19,80.0063262939453,86.64803314208984,78.71684112548829,45.542,3093.6,73.80574035644531,92.94080166666669,42.348,41.618,40.562
2020-10-26,119.45194091796876,94.4363037109375,57.87032585144043,59.02,3044.24,72.48146057128906,93.57215666666669,39.178,38.89,37.496
2020-11-02,94.68376998901368,96.27908172607422,101.35573196411131,58.866,3095.56,72.61785888671875,92.98615333333332,40.058,39.368,37.91
2020-11-09,85.64694595336914,76.79420547485351,59.31188049316406,50.044,3137.26,73.63231964111328,92.815525,43.224,42.874,40.87
2020-11-16,85.00095977783204,73.87038345336914,63.51259231567383,45.662,3233.7200000000003,73.90372161865234,92.40228,44.214,43.916,41.696000000000005
2020-11-23,61.19610862731933,60.78113098144532,71.36793537139893,43.85,3294.72,74.62792587280273,92.037265,47.702,46.792,44.8025
2020-11-30,102.70686416625976,75.03780593872071,37.60043640136719,44.03,3401.0800000000004,74.35583801269532,91.08702999999998,48.244,47.758,45.414
2020-12-07,95.4492416381836,67.00659408569337,22.64656791687012,38.822,3434.0,74.2641387939453,90.905955,49.342,49.046,46.04600000000001
2020-12-14,99.37486419677734,68.99068603515624,29.247629928588868,38.398,3481.34,76.21885986328125,90.280035,51.178,50.848,47.978
2020-12-21,82.68977813720703,65.12966384887696,38.69007339477539,40.73,3444.275,76.89372634887695,90.32878999999998,50.87,50.225,47.7775
2020-12-28,85.42368392944336,63.12770462036133,34.32333488464356,38.5375,3437.2333333333336,77.31509971618652,89.96933333333334,51.2725,51.0575,48.135
2021-01-04,117.96832885742188,91.94507522583008,58.58920631408692,38.906,3534.9,79.84340057373046,89.82804166666666,53.872,53.120000000000005,50.25
2021-01-11,98.39985809326171,88.11986999511718,74.01402130126954,36.858,3496.6800000000003,80.48042144775391,90.45038833333336,55.964,55.714,52.86
2021-01-18,98.42694778442385,77.9579246520996,48.313124084472655,35.585,3504.34,79.93865203857422,90.38697333333332,55.648,55.262,52.905
2021-01-25,116.0625373840332,87.10901260375977,47.20574569702149,39.202000000000005,3485.1,80.19963836669922,90.47454666666664,55.802,55.178,52.554
2021-02-01,131.26302490234374,101.38825149536132,68.97251358032227,37.04,3461.9,81.82381896972656,91.15217333333334,58.09,57.342,55.416
2021-02-08,80.38735885620117,69.15556869506835,51.5261947631836,34.074,3616.38,83.67674102783204,90.51083,61.338,60.305,58.544
2021-02-15,93.62482299804688,75.2398063659668,42.97564563751221,36.9225,3741.480000000001,85.19740104675293,90.54333333333334,63.566,62.33399999999999,60.2375
2021-02-22,111.82325439453123,82.77639389038086,44.471897506713866,40.194,3951.96,86.65935974121093,90.35978166666666,66.13199999999999,63.478,62.282
2021-03-01,152.60505065917968,113.15520629882812,57.91800079345703,39.446000000000005,3839.32,85.10947875976562,91.37866166666667,65.312,63.312,62.318000000000005
2021-03-08,50.6117130279541,51.95343284606933,51.70117111206055,37.958,3807.76,85.67287902832031,91.81174166666666,68.502,66.94800000000001,65.026
2021-03-15,142.6154571533203,98.30991897583009,44.43199081420899,41.74,3858.5,85.15883941650391,91.82644833333332,66.616,65.75399999999999,63.242
2021-03-22,115.1389907836914,85.72619552612305,45.01358108520508,49.724,3849.6,83.86385955810547,92.43716666666668,63.268,62.332,60.004
2021-03-29,82.99024658203125,85.68089904785157,84.22280197143554,42.855,3795.95,83.49092674255371,93.068,64.38,62.97,60.68
2021-04-05,101.47198104858398,72.33376617431641,40.12161026000977,41.114,3866.475,83.7607192993164,92.29589,62.84,61.262,59.334
2021-04-12,173.15413513183594,116.05393829345704,79.32989387512207,34.986000000000004,3892.84,85.37338104248047,91.751015,65.44800000000001,62.90599999999999,61.924
2021-04-19,164.73758544921876,132.49833221435546,103.7337875366211,38.256,4001.38,87.4806396484375,91.08295333333332,66.09,63.892,62.148
2021-04-26,57.09183158874512,63.99396896362305,62.52806205749512,38.17,4165.04,90.06335906982422,90.908825,67.03,63.916,63.46
2021-05-03,97.03561706542968,76.78489151000977,45.70347366333008,38.2,4291.775,92.28979949951172,90.80636833333334,68.354,66.208,65.08399999999999
2021-05-10,114.0150161743164,93.85534591674804,65.61306858062744,37.452,4352.280000000001,92.91615753173828,90.40332333333332,68.39,66.025,65.09400000000001
2021-05-17,150.6332778930664,128.28233032226564,91.1406364440918,38.204,4279.52,91.92530059814452,89.989375,67.276,65.994,64.15
2021-05-24,216.0470458984375,151.86554870605468,65.32080688476563,34.565999999999995,4257.12,92.04088134765624,89.93117,69.014,66.8625,66.3
2021-05-31,87.60382080078125,66.3669807434082,33.43802719116211,32.9625,4275.9,94.13312530517578,90.09427666666666,70.824,69.264,68.745
2021-06-07,108.9587905883789,84.85606307983399,45.7095085144043,32.20399999999999,4257.96,94.7509994506836,90.213305,72.228,70.47999999999999,70.088
2021-06-14,121.20210342407226,94.0368465423584,47.80112495422363,33.862,4139.42,92.46107940673828,91.42522166666669,73.566,71.982,71.566
2021-06-21,112.68265686035156,87.61340560913087,49.80600357055664,33.464,4091.62,92.02574005126954,91.81813333333334,75.328,72.986,73.42999999999999
2021-06-28,72.82506866455078,75.97696685791016,87.67312774658203,32.386,4145.9800000000005,94.0941604614258,92.24916666666668,75.316,73.508,73.95
2021-07-05,51.546817779541016,46.86172637939453,42.39631156921386,38.855,4155.4,92.83614921569824,92.348335,74.958,73.502,73.2675
2021-07-12,77.57208938598633,75.61933059692383,64.99155960083007,37.504,4170.42,94.28281860351562,92.56487166666666,74.694,73.406,73.188
2021-07-19,78.68331604003906,65.00123748779296,37.285696792602536,42.404,4158.02,94.25935974121094,92.87633333333332,71.61800000000001,71.00750000000001,69.624
2021-07-26,66.62635192871093,60.694792938232425,62.76621379852295,34.312,4308.76,96.4875,92.26168333333334,75.22,73.002,72.704
2021-08-02,101.75655364990234,83.20829162597656,51.23032112121582,38.89,4261.32,95.18708190917968,92.38174333333332,71.534,71.21000000000001,69.468
2021-08-09,77.32966957092285,77.86568679809571,73.85762786865234,38.658,4241.92,94.52326049804688,92.83443166666666,70.602,69.8075,68.31
2021-08-16,121.09887390136718,97.27029571533204,72.85002212524414,40.17,4139.280000000001,93.11712036132812,93.23948,67.68,67.33,65.07000000000001
2021-08-23,146.3957748413086,117.78435668945312,103.58729934692384,36.464,4201.3,94.71623992919922,92.84950333333336,71.164,69.07000000000001,67.53999999999999
2021-08-30,137.51251678466798,119.15416412353515,102.76249771118164,34.788,4258.175,96.41238098144532,92.347375,72.726,70.75,69.116
2021-09-06,93.28741683959962,84.87004241943359,84.65594024658203,33.0575,4303.8,96.5382251739502,92.47993333333334,72.176,70.324,68.8775
2021-09-13,128.51239166259765,102.34213409423828,59.516868591308594,32.846000000000004,4323.625,98.25041961669922,92.86547166666666,74.716,72.486,71.62
2021-09-20,86.59152755737304,72.09595031738282,50.40478096008301,33.684,4272.54,97.23551940917967,93.33838333333334,75.962,73.442,72.072
2021-09-27,98.25535430908204,76.66057586669922,65.3216766357422,36.48,4251.3,100.6047821044922,93.94906666666668,79.012,76.162,75.296
2021-10-04,132.64541015625,101.89801025390624,47.60096206665039,39.928,4283.4,102.49227905273438,94.075305,81.848,79.186,78.326
2021-10-11,66.2397689819336,77.77757263183594,92.08500480651855,36.538,4557.280000000001,103.57161865234374,94.126075,83.822,82.16,81.038
2021-10-18,140.61566772460938,103.40133666992188,53.46816825866699,35.748000000000005,4637.12,103.92261962890623,93.72152666666666,85.074,83.034,83.106
2021-10-25,119.0638931274414,95.82593383789064,78.33426094055176,36.87,4448.96,104.85023956298828,93.86478833333332,85.13399999999999,83.25,83.49
2021-11-01,131.66289978027345,92.12681732177734,46.59520416259765,37.628,4354.58,103.26045989990234,94.13850714285716,82.94,81.6675,81.78
2021-11-08,122.71627807617188,90.1012237548828,42.14624481201172,36.686,4370.780000000001,102.67917938232422,94.71366666666668,83.178,82.32,81.96000000000001
2021-11-15,185.14793701171877,131.40423583984375,59.6131233215332,35.934000000000005,4337.36,102.75252075195311,95.80548,80.978,80.68199999999999,79.022
2021-11-22,122.51231231689454,94.93253326416016,50.55577220916748,43.055,4431.96,102.256498336792,96.50646,79.84,79.514,75.4475
2021-11-29,136.076416015625,87.96210861206055,24.979422760009765,67.71400000000001,4335.64,96.12642059326171,96.13115166666668,70.486,71.62,66.89200000000001
2021-12-06,206.00411376953124,147.61455993652345,90.97469940185547,48.648,4350.36,96.61795959472656,96.1685,74.782,72.876,71.30199999999999
2021-12-13,160.5422836303711,108.80511779785157,53.98888626098633,51.09,4320.9400000000005,96.29153900146484,96.44266666666664,74.102,73.248,71.226
2021-12-20,182.1244445800781,113.3712547302246,35.62480163574219,50.565,4430.4400000000005,97.53737449645996,96.22357,74.756,72.228,71.47500000000001
2021-12-27,121.00184326171876,79.8931983947754,22.036997985839843,41.574,4497.333333333333,99.8434600830078,95.97033333333331,78.774,76.935,76.062
2022-01-03,119.90245971679688,85.35259475708008,50.113529205322266,39.08,4523.15,100.65435943603516,96.07752833333332,80.704,78.434,77.856
2022-01-10,203.16237182617184,140.2703384399414,57.03971481323242,36.928,4625.575000000001,102.92651824951172,95.27731666666666,83.958,81.846,81.606
2022-01-17,185.1435516357422,144.75567779541015,83.82289047241211,42.1875,4682.219999999999,105.16397666931152,95.589,87.74,85.872,86.1075
2022-01-24,359.9357604980469,236.99158630371093,79.56644210815429,47.156,4661.9800000000005,106.03924102783203,96.66683333333332,88.76,86.744,85.938
2022-01-31,259.9752487182617,170.55140991210936,47.31855583190918,42.31,4652.38,109.12374114990234,95.86716666666666,90.844,88.69,89.438
2022-02-07,224.3510589599609,151.70677795410157,47.50173797607422,43.05,4766.58,109.4883590698242,95.70083333333334,92.174,90.314,90.664
2022-02-14,338.1945007324219,219.84368896484372,91.6209815979004,50.344,4790.16,111.16674194335936,95.9814,94.216,92.114,92.804
2022-02-21,543.8305480957031,349.88349609375,158.39518280029296,49.79,4831.26,113.88605117797852,96.409,97.216,95.174,92.2125
2022-02-28,656.8275512695312,460.773095703125,257.9247253417969,63.424,5079.2,121.18088073730468,97.7405,109.492,106.222,106.616
2022-03-07,422.9339233398438,354.4910827636719,292.1994049072265,72.666,5361.280000000001,128.17127838134766,98.84666666666668,116.866,120.372,113.43
2022-03-14,453.6723876953125,342.171337890625,237.0933044433594,65.05199999999999,5175.84,122.81568145751952,98.5375,103.88,103.932,100.434
2022-03-21,341.3018829345703,281.5623901367188,263.8409149169922,70.196,5168.84,127.81373901367188,98.66633333333334,118.476,112.066,113.01000000000002
2022-03-28,268.4745361328125,238.35196838378903,232.07320556640624,60.512,5177.74,124.91449890136718,98.46616666666668,109.692,107.39,103.51399999999998
2022-04-04,252.55721435546877,202.81543884277343,156.38961639404295,53.726,5184.6,125.52476196289062,99.57583333333334,103.72,101.304,99.152
2022-04-11,244.48809814453125,222.8896667480469,248.10396423339844,53.66,5103.175,129.54784965515137,100.21033333333332,105.9,101.025,101.5225
2022-04-18,239.27796020507813,199.3633270263672,184.97576751708985,50.904,5111.125,131.53556213378906,100.83483333333334,108.43800000000002,106.714,103.876
2022-04-25,216.91603088378903,183.8912109375,159.07541046142578,52.970000000000006,4863.9800000000005,128.68793792724608,102.81233333333334,105.912,102.108,102.462
2022-05-02,166.2554672241211,147.2719253540039,165.15823059082032,54.176,4653.775,130.35650024414062,103.47783333333332,109.196,106.39333333333332,106.684
2022-05-09,183.6283142089844,158.1671569824219,170.3489501953125,54.264,4422.719999999999,126.45026092529297,104.216,106.982,104.704,105.036
2022-05-16,200.6537567138672,162.52293701171874,136.12178955078124,51.2,4485.08,130.7516662597656,103.37283333333332,111.974,108.565,112.326
2022-05-23,187.83080444335937,163.5725830078125,163.39057312011718,47.276,4532.9,132.70340270996093,101.8535,115.568,109.578,111.91
2022-05-30,181.57284851074215,151.97076568603515,140.32215423583983,48.2475,4554.266666666666,132.94865036010742,102.0085,119.626,112.81199999999998,116.4175
2022-06-06,177.6082321166992,138.2846466064453,105.9192283630371,44.988,4580.860000000001,136.16076049804687,103.143,121.748,117.11,120.44
2022-06-13,142.00003967285156,127.99473571777344,114.66599731445312,47.338,4281.34,129.77040252685546,104.80609666666668,118.976,116.382,116.464
2022-06-20,154.95159301757812,129.34676971435547,127.35706481933592,47.78,4095.78,123.32104873657228,104.3896,112.738,107.966,107.1825
2022-06-27,207.04810485839843,161.38700256347656,147.02377624511718,48.09,3914.480000000001,120.19952239990236,104.7375,115.154,111.44,109.06
2022-07-04,110.29487457275393,105.62508544921874,105.16082763671876,53.0625,3730.3,113.41867446899414,106.6335,105.726,104.68,101.3875
2022-07-11,187.1071548461914,153.34957122802734,118.77418746948244,52.812,3560.26,113.43987884521484,108.13861166666668,101.284,99.1575,97.92
2022-07-18,191.31519470214843,134.46717834472656,89.39902725219727,48.982,3610.480000000001,116.62393951416016,106.90933333333334,105.52,103.296,100.026
2022-07-25,141.10621185302733,118.17926330566408,93.74337615966796,47.624,3720.4,119.89248046875,106.4756,106.66400000000002,103.982,96.796
2022-08-01,236.5970489501953,184.32506103515624,123.96754150390623,51.352,3776.480000000001,118.27031860351562,106.1022,97.278,97.488,91.304
2022-08-08,181.2981521606445,151.0265350341797,124.3986083984375,45.712,3900.04,120.7015380859375,105.738,97.622,95.8675,91.924
2022-08-15,133.2343536376953,116.29303894042968,102.66752700805664,49.236,3838.1,121.61574096679688,107.24083333333331,94.88,92.876,89.064
2022-08-22,145.47867431640626,121.3787826538086,106.78625946044922,48.436,3862.78,124.15830078125,108.74266666666666,99.65,97.93,92.888
2022-08-29,133.8306411743164,121.06365661621092,123.77054443359376,51.476,3683.275,121.67482147216796,109.1066,97.254,97.932,90.336
2022-09-05,136.1319564819336,104.2324234008789,75.2210464477539,50.8625,3646.82,116.96980094909668,109.518705,91.712,92.282,84.7875
2022-09-12,152.0815284729004,134.03304748535157,143.29790496826172,45.73,3719.52,119.35518188476564,109.47262,92.692,92.87,86.756
2022-09-19,237.10573120117184,167.07367401123048,112.731787109375,48.31,3640.22,115.9223419189453,111.36533333333334,89.812,91.15,83.07000000000001
2022-09-26,230.66502685546877,168.23480834960938,123.42102508544922,55.536,3501.0,111.57318115234376,112.90266666666666,87.22,86.128,79.616
2022-10-03,235.2302215576172,161.23993225097655,98.19715042114258,55.396,3617.72,115.76101837158204,111.5874,93.274,91.198,87.8
2022-10-10,209.18134765625,176.92168579101562,171.50418243408205,51.136,3593.6,115.14729919433594,113.07066666666668,93.826,93.3,88.494
2022-10-17,200.78095703125,159.0218994140625,122.019921875,48.468,3530.72,111.76946105957032,112.31459,91.988,88.99199999999999,84.97200000000001
2022-10-24,188.98522033691407,150.17337188720705,109.42638473510742,48.098,3578.12,112.67118072509766,110.7956,95.04,91.2625,86.958
2022-10-31,167.13480682373046,140.78673095703124,122.74969787597657,47.234,3587.4800000000005,114.61082153320312,111.608756,95.776,91.048,89.136
2022-11-07,172.06804351806642,142.4223602294922,129.1035385131836,44.214,3801.92,116.38453979492188,108.630305,95.118,90.658,88.392
2022-11-14,188.8581130981445,157.38914947509767,130.87084197998047,45.506,3917.06,116.1815399169922,106.84166,91.452,87.492,84.02000000000001
2022-11-21,107.63797073364258,89.0924087524414,89.34893493652343,48.7825,3783.44,115.78337478637695,106.39357333333334,86.038,80.84,78.725
2022-11-28,118.5087646484375,89.03677520751953,58.49271469116211,47.19199999999999,3903.34,115.23618011474608,105.286135,84.82000000000001,80.086,79.438
2022-12-05,153.4388397216797,124.74833831787107,99.97858047485352,46.756,4056.58,110.95145874023436,105.14195333333332,78.28999999999999,75.75399999999999,73.134
2022-12-12,124.82139739990234,123.3594207763672,128.65024185180664,43.234,3982.58,113.74927978515623,104.44155,80.324,75.622,75.248
2022-12-19,145.8605728149414,149.53439178466795,162.42581176757812,41.69,3950.52,112.10339965820312,104.20383166666666,81.378,76.976,77.324
2022-12-26,128.62460174560547,126.02360076904296,112.50068435668943,42.8275,3999.566666666667,112.80422401428224,103.94945333333334,83.94,79.3875,79.2875
2023-01-02,128.5675277709961,119.85114135742188,117.06335754394532,44.21,3942.725,108.58834838867188,104.14866833333332,79.3,77.39,74.30250000000001
2023-01-09,120.0776153564453,109.66702423095704,88.99507446289063,40.602,4187.12,110.0161590576172,102.67731166666664,82.346,78.114,77.082
2023-01-16,132.81165924072266,115.7440414428711,110.31358642578124,39.045,4320.1,111.89602661132812,102.22355166666668,85.83,82.668,80.325
2023-01-23,90.43196411132811,96.11365203857422,103.8437286376953,38.164,4371.84,112.0342803955078,101.865375,86.914,83.64,80.518
2023-01-30,155.97141723632814,131.82567138671874,115.86876983642578,38.938,4296.18,109.72317962646484,102.17556666666668,82.86800000000001,81.562,76.49
2023-02-06,167.58433532714844,140.5995315551758,128.19275360107423,36.978,4135.38,107.8922393798828,103.48031666666668,84.13199999999999,81.512,77.5
2023-02-13,132.9148971557617,110.64092102050782,89.2305694580078,36.242,4079.46,107.73949890136718,103.73303666666668,85.142,83.77799999999999,78.524
2023-02-20,173.4995086669922,142.0335220336914,118.60020751953124,37.3375,4100.4400000000005,106.17682266235352,104.576035,82.618,81.45599999999999,75.455
2023-02-27,131.7468704223633,128.27645721435547,139.99915008544923,36.082,4044.62,106.93388061523436,104.68560166666668,84.24600000000001,82.542,77.652
2023-03-06,169.98525695800782,131.02839202880858,68.99905395507812,34.362,3965.92,105.3797607421875,105.071348,83.3,82.546,77.42
2023-03-13,134.3123306274414,112.2796127319336,113.1466567993164,47.09,3882.12,103.36946105957033,103.94288,75.916,77.60799999999999,69.76599999999999
2023-03-20,129.63910369873048,102.31969451904295,80.11604385375976,48.298,3929.84,102.684521484375,102.89320833333332,75.34,73.97999999999999,69.418
2023-03-27,119.42674407958984,99.48250427246094,67.19300842285156,43.082,4029.04,104.43390045166016,102.59991,78.81800000000001,77.312,73.804
2023-04-03,168.52320556640626,132.92371063232423,100.86415557861328,38.2025,3941.55,106.48119926452635,101.99414666666668,84.995,84.66,80.61
2023-04-10,152.85116119384764,120.19200744628908,69.16530303955078,33.514,3981.875,107.309521484375,101.68386,85.904,85.658,81.842
2023-04-17,115.16629180908204,118.44704132080078,123.7867156982422,34.528,4043.1,107.21651916503906,101.850985,83.082,83.342,79.202
2023-04-24,132.73724670410155,136.16345825195313,131.78837890625,36.712,3894.32,104.34234008789062,101.58042166666668,79.82000000000001,80.35,76.334
2023-05-01,104.90620803833008,103.79835662841796,104.17029075622558,39.95,3876.9,102.42877960205078,101.39478333333334,74.952,74.6275,71.164
2023-05-08,132.51941528320313,114.02428665161132,90.38036499023436,35.572,3774.925,102.45734100341797,101.97180666666668,76.002,75.512,72.06800000000001
2023-05-15,143.92005004882813,129.76813812255858,102.54965019226074,35.89,3708.54,101.39093933105468,102.93973333333334,75.708,74.29400000000001,71.642
2023-05-22,135.5966003417969,108.95803451538086,87.84755630493164,35.836,3625.4,100.26385955810548,103.87875,76.88,75.612,72.748
2023-05-29,171.48656692504883,137.56244888305665,102.40515518188477,40.115,3662.75,98.8266487121582,104.075115,74.736,73.77250000000001,69.8475
2023-06-05,121.09418334960938,111.58332214355468,93.29742660522462,35.306,3707.58,100.70357971191406,103.77804666666668,76.14,75.464,71.576
2023-06-12,107.45781860351562,96.95724792480468,85.31816177368164,33.69,3784.9,102.1945785522461,102.79997,74.322,73.548,69.44200000000001
2023-06-19,134.72884674072264,115.8713981628418,84.09377746582031,34.575,3781.46,103.48842430114746,102.55041166666666,75.42,76.442,70.425
2023-06-26,149.53917083740234,118.78562469482422,100.68064422607422,36.306,3673.480000000001,101.152099609375,102.90506666666666,73.94200000000001,75.21,69.426
2023-07-03,112.2352294921875,107.67696228027344,112.6353759765625,34.3675,3693.52,101.64520072937012,102.90182166666666,76.50800000000001,76.2,71.81
2023-07-10,166.44190826416016,142.94337005615233,102.4252098083496,32.702,3774.56,103.55087890625,100.52840833333332,79.686,80.00800000000001,75.176
2023-07-17,163.35680694580077,138.22867584228516,124.16166381835936,30.572,3756.82,105.25289916992188,100.45864,79.66,80.572,75.59
2023-07-24,134.70897064208984,110.41283798217772,86.29635772705078,29.848000000000003,3821.88,107.51773986816406,101.45461,83.70599999999999,83.97200000000001,79.564
2023-07-31,134.067724609375,122.43407440185548,111.10978698730467,28.434,3828.58,106.09929962158203,102.23290666666666,85.01,85.772,81.40599999999999
2023-08-07,137.0786880493164,120.98890686035156,95.9832260131836,27.748,3720.0,105.8927993774414,102.61556333333333,86.454,87.92750000000001,83.054
2023-08-14,130.38485107421874,104.6171661376953,84.70312271118163,28.424,3625.0,104.06890106201172,103.32905833333332,84.694,86.228,80.904
2023-08-21,91.2040298461914,81.37237701416015,60.4173002243042,28.724,3687.42,104.63930053710938,103.757455,83.90799999999999,85.854,79.768
2023-08-28,130.05780639648438,109.0561981201172,76.26463241577149,27.392000000000003,3733.975,106.06197967529296,103.77799,86.236,86.6725,82.414
2023-09-04,113.54129486083984,91.90221405029295,58.10084991455078,27.9325,3717.56,106.27947425842284,104.73612333333334,90.042,90.364,87.1525
2023-09-11,161.4934860229492,123.97496337890624,64.86262969970703,25.476,3724.24,107.12727966308594,104.95824666666664,92.442,93.444,89.116
2023-09-18,226.28974609375,161.35189361572264,123.17007904052734,30.114,3697.56,106.88092193603516,105.42561666666668,93.774,94.348,90.524
2023-09-25,113.90513305664062,88.6943603515625,52.77430419921875,31.72,3667.36,105.53159942626954,106.239165,94.898,94.846,91.25
2023-10-02,117.64024810791015,89.4721580505371,63.10964889526368,34.574,3592.7,102.61160125732422,106.61711,87.21799999999999,89.19800000000001,85.474
2023-10-09,265.49395751953125,251.482275390625,269.8188873291016,40.218,3582.1400000000003,103.8080795288086,106.18372666666666,87.702,87.978,85.288
2023-10-16,328.3780029296875,307.07134399414065,358.6932434082031,43.192,3565.24,105.4664794921875,106.303545,91.118,91.804,87.952
2023-10-23,234.7364288330078,238.2340057373047,297.26763916015625,43.66,3580.6,104.94706115722656,106.35296166666669,89.288,90.338,84.674
2023-10-30,188.39859466552736,204.7496765136719,242.3912567138672,40.968,3615.8,104.70488128662107,106.03612666666668,86.24600000000001,87.87,81.348
2023-11-06,143.01944122314453,167.6168701171875,219.6118560791016,39.198,3637.22,102.82691802978516,105.65366666666668,81.554,83.516,77.286
2023-11-13,133.75435791015624,146.0452087402344,158.86678161621094,40.032,3645.84,102.71775970458984,104.35327166666669,80.84,81.87,76.394
2023-11-20,156.89973907470704,164.21510467529296,188.32369384765624,40.915,3671.58,102.30792617797852,103.51578666666668,81.74600000000001,83.22200000000001,77.0025
2023-11-27,131.3660545349121,142.64625701904296,173.76993103027343,41.008,3656.08,101.71067962646484,103.08206833333334,81.29400000000001,82.662,75.832
2023-12-04,145.37236480712892,152.69569702148436,172.18009414672852,37.644,3597.96,98.55919952392578,103.90381166666668,75.884,77.032,71.062
2023-12-11,170.4583938598633,166.38526306152343,194.07674865722657,35.477999999999994,3628.36,97.51244049072264,102.903555,75.338,75.006,70.482
2023-12-18,114.71942291259764,135.78871002197266,184.41338195800785,35.174,3716.84,99.2371612548828,102.04659666666667,79.06800000000001,78.00399999999999,73.51599999999999
2023-12-25,145.0969711303711,160.02568511962892,201.9197204589844,35.6525,3780.966666666666,99.56220054626463,101.304385,79.0375,78.7525,73.275
2024-01-01,127.09635467529296,159.2575653076172,232.98256225585936,37.73,3696.225,98.34217262268066,102.25387166666668,77.6225,77.45,72.27
2024-01-08,151.56204071044922,168.3791534423828,199.74844665527343,37.33,3636.14,97.7581802368164,102.33637,77.242,77.806,71.816
2024-01-15,173.62933807373048,170.17681732177735,207.0371490478516,36.7925,3620.26,97.01837539672852,103.22133333333332,78.396,77.80199999999999,73.1125
2024-01-22,135.56105041503906,171.6912109375,233.5302947998047,34.914,3694.86,98.09873962402344,103.412795,81.126,79.84,76.00399999999999
2024-01-29,159.92759704589844,174.28817138671874,221.96053161621091,35.998000000000005,3710.56,97.91826019287107,103.62139166666668,80.602,81.37,75.30999999999999
2024-02-05,102.14036178588869,131.1542541503906,178.22440490722656,32.546,3594.72,96.74018096923828,104.140175,79.922,78.846,74.602
2024-02-12,169.10272521972655,171.159521484375,196.23089294433595,32.136,3613.76,96.05559997558592,104.43921833333332,82.53999999999999,81.7475,77.72999999999999
2024-02-19,188.48671875,183.6867919921875,190.26101684570312,31.18,3677.58,96.05209732055664,104.01928333333336,82.84400000000001,82.218,77.7975
2024-02-26,175.66080322265626,170.7457763671875,167.11311950683594,31.37,3677.32,96.60491943359376,103.89355666666668,83.406,81.53,78.644
2024-03-04,126.02966003417968,133.63656005859374,139.79826812744142,29.888,3725.74,97.82263946533205,103.18538333333332,82.568,82.524,78.59200000000001
2024-03-11,156.07291259765626,166.05737915039063,197.27916870117187,29.854000000000003,3826.32,98.74841918945312,103.15325166666668,83.784,83.212,79.502
2024-03-18,128.77383728027343,140.5001434326172,154.6694763183594,28.46,3843.16,99.33315887451172,103.94723333333332,86.286,86.016,81.914
2024-03-25,124.74200134277343,141.23646850585936,164.6167022705078,26.9025,3802.5,98.94022560119627,104.42876666666666,86.6425,85.80250000000001,82.02250000000001
2024-04-01,157.16433563232422,161.21725006103514,184.0400390625,30.06,3963.425,101.5336410522461,104.48972333333334,89.502,89.338,85.558
2024-04-08,144.25998229980468,158.25621185302734,170.4402084350586,30.614,4071.28,102.7735595703125,105.12910166666668,90.094,90.5325,85.71000000000001
2024-04-15,284.74065551757815,232.52389221191407,211.25594177246091,33.092,4217.719999999999,102.60444030761718,106.14133666666667,88.362,89.002,83.866
2024-04-22,172.97958374023438,154.74111938476562,130.63027801513672,28.75,4269.66,102.87238006591797,105.88078,88.39,88.27000000000001,83.288
2024-04-29,136.94759140014648,147.57310791015624,155.13420867919922,28.03,4277.42,101.5533004760742,105.5063142857143,85.26599999999999,86.5325,80.124
2024-05-06,145.27753524780277,152.82857666015624,170.712890625,28.03,4287.175,102.48058013916015,105.36179166666666,83.348,84.13,78.674
2024-05-13,163.5384735107422,153.51013641357423,156.96213073730468,27.852,4423.7,104.03075866699218,104.65506166666668,83.148,83.91,79.012
2024-05-20,151.85389556884766,131.7771469116211,110.57564392089844,27.84,4540.4,106.1569595336914,104.78480333333334,82.394,83.7625,78.244
2024-05-27,142.2307327270508,134.87985076904295,117.58636627197264,28.47,4466.8,104.79962539672852,104.72565,82.88,84.184,78.49
2024-06-03,113.39518432617189,117.06927490234376,128.32967071533204,28.948,4299.68,102.23448028564454,104.44763666666668,78.756,79.482,74.524
2024-06-10,119.49478759765626,114.07242584228516,123.86165313720704,25.038,4213.56,102.72738037109374,105.25288833333332,82.304,81.828,78.242
2024-06-17,166.13662414550782,136.81747283935547,113.90346298217771,24.2175,4181.96,102.27797508239746,105.52763666666664,85.11999999999999,84.2575,81.2
2024-06-24,167.67356567382814,138.6633285522461,132.16509246826172,26.046,4143.74,101.47847900390624,105.75998666666668,85.814,85.006,81.328
2024-07-01,80.18951263427735,84.45252685546875,91.768936920166,25.226,4214.34,101.81195068359376,105.29035166666668,86.83,86.752,83.3075
2024-07-08,107.31988677978516,103.61517944335938,111.96374206542968,24.028,4224.14,100.79860076904296,104.64003333333334,85.184,85.506,82.13399999999999
2024-07-15,103.63496437072754,103.73413848876952,102.12048416137696,25.206,4090.6,98.9748992919922,104.20893666666666,84.28,84.29400000000001,81.69399999999999
2024-07-22,85.24639549255372,86.53772583007813,92.28523635864258,27.336,3893.06,97.12337951660156,104.28876166666667,81.724,81.4,77.954
2024-07-29,157.1902816772461,133.74752502441407,133.65621643066407,33.65,3860.66,95.51195983886718,103.81502142857144,79.092,79.614,75.65599999999999
2024-08-05,155.6535217285156,163.44650268554688,173.25162658691406,38.04,3807.88,94.72086181640626,103.10914833333334,77.986,75.54,74.88
2024-08-12,140.6225387573242,140.84662780761718,161.53265991210938,32.416000000000004,3909.72,95.8739990234375,102.66197,80.694,79.128,78.03999999999999
2024-08-19,122.9416717529297,151.36427001953126,169.43441772460938,31.81,4045.36,96.025,101.22970833333332,77.42999999999999,76.29400000000001,73.636
2024-08-26,132.17859344482423,161.1248046875,197.6134185791016,31.906,4067.775,96.74914093017578,101.22554166666669,79.674,78.104,75.386
2024-09-02,143.07122039794922,147.88174743652343,168.15971832275392,36.875,3924.62,94.73749923706056,101.36271166666668,73.54400000000001,74.668,69.09
2024-09-09,151.80733489990234,149.20624542236328,143.28202362060546,37.256,3949.32,94.71172180175782,101.29976666666666,71.04400000000001,71.95599999999999,67.878
2024-09-16,108.71671981811524,116.2123077392578,127.4465316772461,34.426,4098.62,97.38119964599608,100.77797833333334,73.894,73.66799999999999,71.212
2024-09-23,208.4012573242188,173.9683410644531,163.4978790283203,36.386,4237.68,99.9281997680664,100.600535,73.22200000000001,73.83200000000001,69.494
2024-09-30,178.42192687988282,171.28110961914064,202.54352111816405,46.024,4323.52,101.51162109375,101.78285,74.97999999999999,74.322,71.238
2024-10-07,107.35376434326172,118.6579360961914,147.52534942626954,50.902,4252.66,100.61057891845704,102.77357833333332,78.626,78.058,75.072
2024-10-14,113.91092834472656,124.79160614013672,126.9014663696289,48.44,4187.24,98.54263916015626,103.44662999999998,74.688,74.834,70.938
2024-10-21,166.52769775390624,171.01834869384766,177.4151153564453,47.584,4187.04,99.69843902587893,104.23083,75.144,74.22200000000001,71.078
2024-10-28,140.75945434570312,140.98268432617186,147.2509765625,43.898,4159.88,98.35361938476562,104.21328,72.27000000000001,72.1,68.39
2024-11-04,118.09925003051758,99.99331436157226,88.85923919677734,43.482,4170.26,98.71532135009764,104.69038833333332,75.006,73.75399999999999,71.578
2024-11-11,126.5595443725586,106.77132415771484,98.42114334106444,35.03,3999.3,96.56121978759764,106.39701,71.92,71.488,68.062
2024-11-18,211.44124298095704,188.34127197265624,188.7937149047852,36.712,4012.480000000001,98.394580078125,106.75945833333331,73.764,72.524,69.752
2024-11-25,165.71592559814454,179.1678665161133,209.64718322753907,37.0325,4012.96,98.10747528076172,106.26380857142858,72.974,72.49,68.6075
2024-12-02,151.2005142211914,155.42156982421875,173.74881286621093,32.702,4031.9,97.34220123291016,106.16405428571429,72.194,72.24199999999999,68.416
2024-12-09,137.5187194824219,188.92055053710936,261.68035888671875,31.372000000000003,4046.84,98.95351715087892,106.69289428571427,73.15,72.562,69.712
2024-12-16,169.62588195800782,158.17346801757813,163.47438201904296,31.298,3961.08,97.3959213256836,107.66844142857144,73.262,73.35,70.148
2024-12-23,138.11156005859374,142.3008239746094,143.6953094482422,30.1825,3958.0,98.03106231689452,108.08091428571429,73.41,73.95,69.89
2024-12-30,98.0060256958008,124.07857513427734,143.02357635498046,30.0775,3909.7,98.93104934692384,108.66517,75.3675,75.745,72.44999999999999
2025-01-06,105.0551902770996,94.96991424560548,75.71904296875,31.486,3957.82,100.2306411743164,109.20048428571428,77.238,76.978,74.324
2025-01-13,136.31398162841796,116.49515380859376,98.9338394165039,33.414,4036.9,103.56224060058594,109.26034,81.00800000000001,83.20599999999999,78.584
2025-01-20,130.53862609863282,126.9132308959961,124.28861007690428,33.485,4071.02,103.48132514953612,107.86734571428572,79.046,82.55199999999999,75.1525
2025-01-27,150.46561737060546,141.62613067626953,137.92625274658204,32.392,3984.34,102.30223999023436,108.34223166666668,76.95599999999999,80.92333333333333,72.964
2025-02-03,147.23281860351562,141.9680191040039,135.50961303710938,33.815999999999995,4041.3,104.14154052734376,108.10456833333336,75.144,78.022,71.7
2025-02-10,143.21763916015624,124.62596588134764,109.23716888427734,30.714,4109.539999999999,105.70329895019532,107.43916833333331,75.562,78.208,71.80799999999999
2025-02-17,201.994921875,197.48424682617187,209.8407104492188,30.23,4166.56,107.34747505187988,106.819356,75.602,78.522,71.7675
2025-02-24,127.99359283447264,147.57444915771484,167.60400390625,31.824,4122.8,104.54332122802734,106.943862,73.51,76.926,69.672
2025-03-03,233.72596130371093,199.5116668701172,160.57988433837892,35.594,4174.66,104.1352996826172,104.878674,70.356,71.22999999999999,67.268
2025-03-10,249.8732116699219,231.36150817871092,218.73903198242184,32.812,4258.0,104.75051879882812,103.72079833333332,70.05,71.232,66.738
2025-03-17,223.8964599609375,207.4394653320313,203.66525573730468,31.808,4298.9800000000005,105.60919952392578,103.74992166666668,71.314,72.77799999999999,67.636
2025-03-24,162.17668914794922,149.81968994140624,138.70267028808593,28.794,4276.9400000000005,105.34888000488282,104.190565,73.494,74.7,69.408
2025-03-31,148.6145797729492,133.98431854248048,116.43265991210936,34.32,4097.5,104.7751007080078,103.15152166666668,71.97999999999999,74.42,68.666
2025-04-07,145.88722229003906,148.84562225341796,145.39960174560548,50.17,3825.54,99.2785186767578,101.24272833333332,64.12,64.396,60.84
2025-04-14,179.60616455078124,155.21683197021486,149.76907043457032,43.234,3933.7,101.89067459106444,99.31937666666666,65.84,66.905,62.5025
2025-04-21,185.66624450683597,161.55736694335937,158.50045318603514,43.164,4015.075,102.51399993896484,99.34246666666668,66.648,68.24600000000001,63.09400000000001
2025-04-28,157.0047821044922,133.65987243652344,126.71111450195312,49.794,3990.82,101.74077911376952,99.687465,63.33,63.9975,59.642
2025-05-05,245.3856658935547,215.0620574951172,242.48387451171877,41.56,4032.75,101.8726806640625,100.08569833333333,62.05,62.19199999999999,59.044
2025-05-12,238.3524627685547,183.1016845703125,125.52364654541016,37.242,4105.02,102.10428009033204,100.97194333333334,65.524,64.69,62.576
2025-05-19,231.85162811279295,186.065739440918,157.86127471923828,39.262,4086.3,102.03507995605467,99.50315833333332,65.01,64.446,61.91
2025-05-26,234.9992584228516,193.3928192138672,161.73676147460938,40.8325,4075.35,100.95649909973145,99.5062,64.35600000000001,64.14200000000001,61.115
2025-06-02,242.0410125732422,206.4576171875,185.8207763671875,36.952,4111.139999999999,102.56029968261718,99.01532,65.386,64.248,63.346
2025-06-09,241.22300415039064,169.22018127441407,99.37637481689453,43.062,4131.76,103.55003814697264,98.55447166666666,69.454,68.072,67.888
2025-06-16,387.0065979003906,275.7076568603516,211.9529815673828,64.9225,4124.9400000000005,106.65172386169434,98.68146666666668,76.44800000000001,75.158,74.17
2025-06-23,423.8617370605469,337.114794921875,280.3149658203125,45.658,4190.34,103.03811950683594,97.54507333333332,68.36,69.67999999999999,65.712
2025-06-30,147.59625244140625,137.2973403930664,133.3478256225586,38.72,4244.18,102.8246726989746,96.90582714285712,68.186,68.94,66.2525
2025-07-07,165.679541015625,136.82958221435547,111.6341423034668,36.194,4180.26,103.15007934570312,97.69159857142856,69.784,70.59400000000001,67.93199999999999
2025-07-14,180.04843444824218,149.42608337402345,124.26249542236329,33.216,4157.18,104.20612030029297,98.43111714285716,69.048,70.506,66.952
2025-07-21,177.1779022216797,145.6412551879883,108.17271423339844,32.256,4255.64,104.25858001708984,97.57214,68.786,70.94,65.97
2025-07-28,193.0168273925781,168.77323150634766,161.0683563232422,37.462,4170.9,102.40877990722656,99.11877714285716,71.598,73.50800000000001,68.502
2025-08-04,169.20096740722656,149.9783477783203,124.301025390625,35.965999999999994,4162.0,100.54316101074218,98.34137857142858,67.262,69.93199999999999,64.712
2025-08-11,193.19051818847657,157.73322448730468,142.2458480834961,33.742,4199.26,100.3055206298828,97.98256,66.214,67.968,63.30800000000001
2025-08-18,159.3124206542969,148.4519836425781,134.97316513061523,31.918,4173.74,100.5282196044922,98.11701,66.926,68.822,63.232000000000006
2025-08-25,165.98946685791014,154.71339263916016,138.01000366210937,32.70399999999999,4218.95,101.83488006591796,98.02571714285716,68.162,69.964,64.162
2025-09-01,168.67652893066406,142.35581665039064,121.32603302001954,34.465,4247.52,103.08330154418944,98.00809571428572,67.476,70.536,63.7275
2025-09-08,168.48931427001952,145.996240234375,146.71531982421874,33.510000000000005,4278.780000000001,103.2675796508789,97.63437285714284,66.652,69.91,62.724
2025-09-15,122.94998779296876,116.6057342529297,110.58702087402344,31.522,4318.38,104.11959838867188,97.34837714285712,67.596,70.322,63.624
2025-09-22,163.0347686767578,134.41307373046874,107.6331298828125,34.048,4324.9800000000005,104.05613861083984,97.86915285714284,68.612,69.58200000000001,64.348
2025-09-29,192.2054901123047,185.7544174194336,184.4633972167969,36.326,4441.2,105.04093933105467,97.83256714285714,65.796,67.026,61.792
2025-10-06,156.98112106323242,163.24446868896484,159.59939270019532,33.2,4527.9,105.82662048339844,98.82791571428572,65.024,65.694,61.276
2025-10-13,210.10430603027345,173.78246459960937,141.33760833740234,37.188,4502.719999999999,105.74629974365234,98.60053714285714,61.99400000000001,62.456,58.29200000000001
2025-10-20,189.1505584716797,162.61990814208986,153.0931655883789,37.978,4555.139999999999,106.89824066162107,98.93195142857142,63.370000000000005,65.4625,59.426
2025-10-27,160.94941101074218,136.86853942871093,128.4007080078125,36.844,4650.38,106.73255920410156,99.266895,65.002,66.176,60.698
2025-11-03,125.98600006103516,133.18509826660156,152.80856475830078,33.872,4568.5,107.52209930419922,99.81621714285714,63.972,65.45599999999999,60.078
2025-11-10,103.44938354492189,87.92548217773438,81.18036193847657,32.578,4617.539999999999,109.71997985839845,99.41369,63.866,64.894,59.688
2025-11-17,127.23207015991213,100.06823501586912,53.9293083190918,34.436,4544.2,108.39265899658204,99.99199571428572,63.708000000000006,64.186,59.458000000000006
2025-11-24,196.599658203125,162.4948745727539,116.3559555053711,36.38,4619.4800000000005,108.45565032958984,99.62374142857142,63.104,63.346,58.4975
2025-12-01,155.0207717895508,134.27252349853515,127.53246765136718,34.158,4777.68,111.04421997070312,99.06273571428572,63.06,63.758,59.33200000000001
2025-12-08,145.53855590820314,125.66099243164062,90.4941864013672,31.288,4824.14,109.76345977783204,98.64352571428572,61.80800000000001,62.512,58.126
2025-12-15,154.1750457763672,156.40492401123046,176.8535614013672,34.608,4859.1,108.35986022949218,98.50154714285716,59.89,60.252,56.16799999999999
2025-12-22,128.8743865966797,125.96089630126951,138.92223052978517,32.495000000000005,4984.733333333334,111.21267509460448,98.00472142857144,61.8325,61.98,57.870000000000005
2025-12-29,200.14315185546877,156.57232131958008,107.2101821899414,30.3725,5091.375,110.37517547607422,98.35077571428572,61.365,61.2275,57.6925
2026-01-05,296.1505874633789,232.10185546875,122.04493560791016,33.01,5313.4,111.93719787597657,98.81773714285714,61.55,59.022000000000006,57.664
2026-01-12,231.34566650390624,164.29453887939454,93.07860565185548,41.744,5433.9800000000005,114.18182067871092,99.20965428571428,64.75,62.084,60.260000000000005
2026-01-19,230.37926025390624,190.12039184570312,123.78729400634764,45.1425,5364.74,117.68760108947754,98.10703285714284,64.80799999999999,62.324,60.3475
2026-01-26,204.36783142089843,152.0474105834961,90.7228271484375,51.812,5505.0,122.2130599975586,96.72016285714288,68.592,64.798,63.372
2026-02-02,176.13946685791015,148.87604675292968,130.8890350341797,52.864,5341.38,117.4815399169922,97.59651857142856,67.738,66.40599999999999,63.466
2026-02-09,116.86544342041016,104.55082321166992,86.42863502502442,45.464,5367.4,117.88998107910156,96.89057285714286,68.502,67.78999999999999,63.736
2026-02-16,161.0921829223633,107.70463104248049,40.11816635131836,51.72,5275.54,117.86484909057616,97.59352571428572,69.968,69.30333333333333,65.08500000000001
2026-02-23,238.88690490722652,167.87130126953124,93.94325714111328,60.264,5456.76,120.52238006591796,97.72267142857145,71.268,70.474,65.91799999999999
2026-03-02,466.0124420166016,417.1803039550781,497.7541564941406,81.104,5429.4,126.27748107910156,98.92265571428572,83.728,88.96400000000001,78.47200000000001
2026-03-09,324.6386749267578,366.7938232421875,549.2054016113282,113.774,5471.2,132.87554321289062,99.71723142857142,96.468,127.932,91.982